/*
 Navicat Premium Dump SQL

 Source Server         : 个人虚拟机中mysql
 Source Server Type    : MySQL
 Source Server Version : 80404 (8.4.4)
 Source Host           : 192.168.20.250:3306
 Source Schema         : Edu_Sphere

 Target Server Type    : MySQL
 Target Server Version : 80404 (8.4.4)
 File Encoding         : 65001

 Date: 06/06/2025 16:51:28
*/

SET NAMES utf8mb4;
SET FOREIGN_KEY_CHECKS = 0;

-- ----------------------------
-- Table structure for class_students
-- ----------------------------
DROP TABLE IF EXISTS `class_students`;
CREATE TABLE `class_students`  (
                                   `id` int NOT NULL AUTO_INCREMENT COMMENT '关联id',
                                   `class_id` int NULL DEFAULT NULL COMMENT '班级id',
                                   `student_id` bigint NULL DEFAULT NULL COMMENT '学生id',
                                   PRIMARY KEY (`id`) USING BTREE,
                                   INDEX `fk_cs_class`(`class_id` ASC) USING BTREE,
                                   INDEX `fk_cs_student`(`student_id` ASC) USING BTREE
) ENGINE = InnoDB AUTO_INCREMENT = 53 CHARACTER SET = utf8mb4 COLLATE = utf8mb4_0900_ai_ci COMMENT = '班级学生关联表' ROW_FORMAT = DYNAMIC;

-- ----------------------------
-- Records of class_students
-- ----------------------------
INSERT INTO `class_students` VALUES (11, 1, 1);
INSERT INTO `class_students` VALUES (12, 1, 8);
INSERT INTO `class_students` VALUES (13, 1, 9);
INSERT INTO `class_students` VALUES (14, 1, 10);
INSERT INTO `class_students` VALUES (15, 1, 12);
INSERT INTO `class_students` VALUES (16, 1, 13);
INSERT INTO `class_students` VALUES (17, 1, 14);
INSERT INTO `class_students` VALUES (18, 1, 15);
INSERT INTO `class_students` VALUES (19, 1, 16);
INSERT INTO `class_students` VALUES (20, 1, 17);
INSERT INTO `class_students` VALUES (21, 1, 18);
INSERT INTO `class_students` VALUES (22, 1, 19);
INSERT INTO `class_students` VALUES (23, 1, 20);
INSERT INTO `class_students` VALUES (24, 1, 21);
INSERT INTO `class_students` VALUES (25, 1, 22);
INSERT INTO `class_students` VALUES (26, 1, 23);
INSERT INTO `class_students` VALUES (27, 1, 24);
INSERT INTO `class_students` VALUES (28, 2, 2);
INSERT INTO `class_students` VALUES (29, 2, 3);
INSERT INTO `class_students` VALUES (30, 2, 4);
INSERT INTO `class_students` VALUES (31, 2, 5);
INSERT INTO `class_students` VALUES (32, 2, 6);
INSERT INTO `class_students` VALUES (33, 2, 7);
INSERT INTO `class_students` VALUES (34, 2, 11);
INSERT INTO `class_students` VALUES (35, 2, 25);
INSERT INTO `class_students` VALUES (36, 2, 26);
INSERT INTO `class_students` VALUES (37, 2, 27);
INSERT INTO `class_students` VALUES (38, 2, 28);
INSERT INTO `class_students` VALUES (39, 2, 29);
INSERT INTO `class_students` VALUES (40, 2, 30);
INSERT INTO `class_students` VALUES (41, 2, 31);
INSERT INTO `class_students` VALUES (42, 2, 32);
INSERT INTO `class_students` VALUES (43, 2, 33);
INSERT INTO `class_students` VALUES (44, 2, 34);
INSERT INTO `class_students` VALUES (45, 2, 35);
INSERT INTO `class_students` VALUES (46, 2, 36);
INSERT INTO `class_students` VALUES (47, 2, 37);
INSERT INTO `class_students` VALUES (48, 2, 38);
INSERT INTO `class_students` VALUES (49, 2, 39);
INSERT INTO `class_students` VALUES (50, 2, 40);
INSERT INTO `class_students` VALUES (51, 2, 41);
INSERT INTO `class_students` VALUES (52, 2, 42);

-- ----------------------------
-- Table structure for class_teachers
-- ----------------------------
DROP TABLE IF EXISTS `class_teachers`;
CREATE TABLE `class_teachers`  (
                                   `id` int NOT NULL AUTO_INCREMENT COMMENT '关联id',
                                   `class_id` int NULL DEFAULT NULL COMMENT '班级id',
                                   `teacher_id` bigint NULL DEFAULT NULL COMMENT '教师id',
                                   `subject_id` int NULL DEFAULT NULL COMMENT '学科id',
                                   PRIMARY KEY (`id`) USING BTREE,
                                   INDEX `fk_ct_class`(`class_id` ASC) USING BTREE,
                                   INDEX `fk_ct_teacher`(`teacher_id` ASC) USING BTREE,
                                   INDEX `fk_ct_subject`(`subject_id` ASC) USING BTREE
) ENGINE = InnoDB AUTO_INCREMENT = 13 CHARACTER SET = utf8mb4 COLLATE = utf8mb4_0900_ai_ci COMMENT = '班级教师关联表' ROW_FORMAT = DYNAMIC;

-- ----------------------------
-- Records of class_teachers
-- ----------------------------
INSERT INTO `class_teachers` VALUES (8, 2, 46, 1);
INSERT INTO `class_teachers` VALUES (9, 2, 44, 3);
INSERT INTO `class_teachers` VALUES (10, 1, 46, 1);
INSERT INTO `class_teachers` VALUES (11, 1, 45, 2);
INSERT INTO `class_teachers` VALUES (12, 1, 44, 3);

-- ----------------------------
-- Table structure for classes
-- ----------------------------
DROP TABLE IF EXISTS `classes`;
CREATE TABLE `classes`  (
                            `class_id` int NOT NULL AUTO_INCREMENT COMMENT '班级id',
                            `class_name` varchar(255) CHARACTER SET utf8mb4 COLLATE utf8mb4_0900_ai_ci NULL DEFAULT NULL COMMENT '班级名称',
                            `grade` varchar(255) CHARACTER SET utf8mb4 COLLATE utf8mb4_0900_ai_ci NULL DEFAULT NULL COMMENT '年级',
                            `head_teacher_id` bigint NULL DEFAULT NULL COMMENT '班主任id',
                            `create_time` datetime NULL DEFAULT CURRENT_TIMESTAMP COMMENT '创建时间',
                            PRIMARY KEY (`class_id`) USING BTREE,
                            INDEX `fk_class_teacher`(`head_teacher_id` ASC) USING BTREE
) ENGINE = InnoDB AUTO_INCREMENT = 3 CHARACTER SET = utf8mb4 COLLATE = utf8mb4_0900_ai_ci COMMENT = '班级表' ROW_FORMAT = DYNAMIC;

-- ----------------------------
-- Records of classes
-- ----------------------------
INSERT INTO `classes` VALUES (1, '鲲鹏专班', 'kpzb', 45, '2025-05-20 21:36:07');
INSERT INTO `classes` VALUES (2, '物联网专班', 'wlwzb', 44, '2025-05-20 21:38:08');

-- ----------------------------
-- Table structure for exam_scores
-- ----------------------------
DROP TABLE IF EXISTS `exam_scores`;
CREATE TABLE `exam_scores`  (
                                `score_id` bigint NOT NULL AUTO_INCREMENT COMMENT '成绩id',
                                `class_id` int NULL DEFAULT NULL COMMENT '班级id',
                                `student_id` bigint NULL DEFAULT NULL COMMENT '学生id',
                                `subject_id` int NULL DEFAULT NULL COMMENT '学科id',
                                `exam_name` varchar(255) CHARACTER SET utf8mb4 COLLATE utf8mb4_0900_ai_ci NULL DEFAULT NULL COMMENT '考试名称',
                                `exam_date` date NULL DEFAULT NULL COMMENT '考试日期',
                                `score` decimal(5, 2) NULL DEFAULT NULL COMMENT '分数',
                                `grader_id` bigint NULL DEFAULT NULL COMMENT '批改教师id',
                                `comment` varchar(2000) CHARACTER SET utf8mb4 COLLATE utf8mb4_0900_ai_ci NULL DEFAULT NULL COMMENT '评语',
                                `create_time` datetime NULL DEFAULT CURRENT_TIMESTAMP COMMENT '创建时间',
                                `update_time` datetime NULL DEFAULT CURRENT_TIMESTAMP ON UPDATE CURRENT_TIMESTAMP COMMENT '更新时间',
                                PRIMARY KEY (`score_id`) USING BTREE,
                                INDEX `fk_es_class`(`class_id` ASC) USING BTREE,
                                INDEX `fk_es_student`(`student_id` ASC) USING BTREE,
                                INDEX `fk_es_subject`(`subject_id` ASC) USING BTREE,
                                INDEX `fk_es_grader`(`grader_id` ASC) USING BTREE
) ENGINE = InnoDB AUTO_INCREMENT = 405 CHARACTER SET = utf8mb4 COLLATE = utf8mb4_0900_ai_ci COMMENT = '考试成绩表' ROW_FORMAT = DYNAMIC;

-- ----------------------------
-- Records of exam_scores
-- ----------------------------
INSERT INTO `exam_scores` VALUES (1, 2, 2, 3, '月考1', '2023-09-15', 60.21, 44, '作业完成质量高且能够提出创新性的解题思路与方法，为团队学习带来新思路与启发，并推动学习进步与发展，展现非凡的学习才华与创造力，为团队贡献智慧与力量。', '2025-05-27 09:15:19', '2025-05-27 09:15:19');
INSERT INTO `exam_scores` VALUES (2, 2, 3, 3, '月考1', '2023-09-15', 76.70, 44, '学习中善于将零散知识系统化，通过项目式学习整合应用。', '2025-05-27 09:15:19', '2025-05-27 09:15:19');
INSERT INTO `exam_scores` VALUES (3, 2, 4, 3, '月考1', '2023-09-15', 73.48, 44, '能够主动向老师请教问题，学习积极性高。', '2025-05-27 09:15:19', '2025-05-27 09:15:19');
INSERT INTO `exam_scores` VALUES (4, 2, 5, 3, '月考1', '2023-09-15', 46.87, 44, '作业中对复杂问题进行模块化拆解，分步解答提升清晰度。', '2025-05-27 09:15:19', '2025-05-27 09:15:19');
INSERT INTO `exam_scores` VALUES (5, 2, 6, 3, '月考1', '2023-09-15', 89.40, 44, '对于知识的理解深刻，能够灵活运用。', '2025-05-27 09:15:19', '2025-05-27 09:15:19');
INSERT INTO `exam_scores` VALUES (6, 2, 7, 3, '月考1', '2023-09-15', 42.21, 44, '学习目标设定合理，既有短期目标又有长期规划。', '2025-05-27 09:15:19', '2025-05-27 09:15:19');
INSERT INTO `exam_scores` VALUES (7, 2, 11, 3, '月考1', '2023-09-15', 81.37, 44, '学习目标明确，且有计划地去实现。', '2025-05-27 09:15:19', '2025-05-27 09:15:19');
INSERT INTO `exam_scores` VALUES (8, 2, 25, 3, '月考1', '2023-09-15', 57.27, 44, '阅读科普著作时提炼系统思维方法，应用于复杂问题解决。', '2025-05-27 09:15:19', '2025-05-27 09:15:19');
INSERT INTO `exam_scores` VALUES (9, 2, 26, 3, '月考1', '2023-09-15', 44.75, 44, '能够主动将所学知识与生活实际相联系，加深理解。', '2025-05-27 09:15:19', '2025-05-27 09:15:19');
INSERT INTO `exam_scores` VALUES (10, 2, 27, 3, '月考1', '2023-09-15', 82.06, 44, '课堂互动积极，学习热情高', '2025-05-27 09:15:19', '2025-05-27 09:15:19');
INSERT INTO `exam_scores` VALUES (11, 2, 28, 3, '月考1', '2023-09-15', 70.30, 44, '对于学习中的挑战，能够勇敢面对并积极应对。', '2025-05-27 09:15:19', '2025-05-27 15:31:40');
INSERT INTO `exam_scores` VALUES (12, 2, 29, 3, '月考1', '2023-09-15', 50.93, 44, '课堂互动频繁，思维活跃', '2025-05-27 09:15:19', '2025-05-27 09:15:19');
INSERT INTO `exam_scores` VALUES (13, 2, 30, 3, '月考1', '2023-09-15', 87.67, 44, '面对复杂难题能保持耐心，分阶段拆解目标逐步攻克。', '2025-05-27 09:15:19', '2025-05-27 09:15:19');
INSERT INTO `exam_scores` VALUES (14, 2, 31, 3, '月考1', '2023-09-15', 95.58, 44, '考试时能够合理安排时间并确保答题速度与准确性并重，发挥出自己的最佳水平与状态。', '2025-05-27 09:15:19', '2025-05-27 09:15:19');
INSERT INTO `exam_scores` VALUES (15, 2, 32, 3, '月考1', '2023-09-15', 69.00, 44, '考试后建立学习能力评估模型，全面分析优势与不足。', '2025-05-27 09:15:19', '2025-05-27 09:15:19');
INSERT INTO `exam_scores` VALUES (16, 2, 33, 3, '月考1', '2023-09-15', 93.27, 44, '复习计划中设置机动时间，应对学习过程中的突发情况。', '2025-05-27 09:15:19', '2025-05-27 09:15:19');
INSERT INTO `exam_scores` VALUES (17, 2, 34, 3, '月考1', '2023-09-15', 45.79, 44, '考试心态调整中采用渐进式放松训练，保持身心平衡。', '2025-05-27 09:15:19', '2025-05-27 09:15:19');
INSERT INTO `exam_scores` VALUES (18, 2, 35, 3, '月考1', '2023-09-15', 85.43, 44, '作业完成质量高且能够提出创新性的解题思路与方法，为团队学习带来新思路与启发，并推动学习进步与发展，展现非凡的学习才华与创造力，为团队贡献智慧与力量。', '2025-05-27 09:15:19', '2025-05-27 09:15:19');
INSERT INTO `exam_scores` VALUES (19, 2, 36, 3, '月考1', '2023-09-15', 48.22, 44, '课堂发言踊跃，见解独到', '2025-05-27 09:15:19', '2025-05-27 09:15:19');
INSERT INTO `exam_scores` VALUES (20, 2, 37, 3, '月考1', '2023-09-15', 82.24, 44, '小组合作中制定学习复盘机制，定期总结经验教训。', '2025-05-27 09:15:19', '2025-05-27 09:15:19');
INSERT INTO `exam_scores` VALUES (21, 2, 38, 3, '月考1', '2023-09-15', 41.03, 44, '课堂头脑风暴点子新颖', '2025-05-27 09:15:19', '2025-05-27 09:15:19');
INSERT INTO `exam_scores` VALUES (22, 2, 39, 3, '月考1', '2023-09-15', 98.54, 44, '阅读科普文章时提炼思维模型，应用于专业问题解决。', '2025-05-27 09:15:19', '2025-05-27 09:15:19');
INSERT INTO `exam_scores` VALUES (23, 2, 40, 3, '月考1', '2023-09-15', 61.19, 44, '学习榜样带动作用明显', '2025-05-27 09:15:19', '2025-05-27 09:15:19');
INSERT INTO `exam_scores` VALUES (24, 2, 41, 3, '月考1', '2023-09-15', 46.74, 44, '小组合作中鼓励成员分享学习困境与突破经验，共同成长。', '2025-05-27 09:15:19', '2025-05-27 09:15:19');
INSERT INTO `exam_scores` VALUES (25, 2, 42, 3, '月考1', '2023-09-15', 58.53, 44, '阅读学术论文时分析论证逻辑链条，提升批判性思维水平。', '2025-05-27 09:15:19', '2025-05-27 09:15:19');
INSERT INTO `exam_scores` VALUES (26, 2, 2, 3, '月考2', '2023-10-15', 90.20, 44, '对于知识的理解深刻，能够灵活运用。', '2025-05-27 09:16:16', '2025-05-27 09:16:16');
INSERT INTO `exam_scores` VALUES (27, 2, 3, 3, '月考2', '2023-10-15', 94.23, 44, '课堂互动积极，思维敏捷', '2025-05-27 09:16:16', '2025-05-27 09:16:16');
INSERT INTO `exam_scores` VALUES (28, 2, 4, 3, '月考2', '2023-10-15', 86.87, 44, '对于知识的理解透彻全面且能够准确把握知识背后的原理逻辑与应用场景，为实践打下坚实基础。', '2025-05-27 09:16:16', '2025-05-27 09:16:16');
INSERT INTO `exam_scores` VALUES (29, 2, 5, 3, '月考2', '2023-10-15', 93.78, 44, '作业书写工整，无涂改', '2025-05-27 09:16:16', '2025-05-27 09:16:16');
INSERT INTO `exam_scores` VALUES (30, 2, 6, 3, '月考2', '2023-10-15', 95.28, 44, '知识类比讲解生动易懂', '2025-05-27 09:16:16', '2025-05-27 09:16:16');
INSERT INTO `exam_scores` VALUES (31, 2, 7, 3, '月考2', '2023-10-15', 46.11, 44, '作业中尝试用流程图展示解题步骤，提升逻辑清晰度。', '2025-05-27 09:16:16', '2025-05-27 09:16:16');
INSERT INTO `exam_scores` VALUES (32, 2, 11, 3, '月考2', '2023-10-15', 87.43, 44, '课堂互动积极，学习热情高', '2025-05-27 09:16:16', '2025-05-27 09:16:16');
INSERT INTO `exam_scores` VALUES (33, 2, 25, 3, '月考2', '2023-10-15', 81.07, 44, '阅读专业资料时标注理论适用范围，避免盲目应用。', '2025-05-27 09:16:16', '2025-05-27 09:16:16');
INSERT INTO `exam_scores` VALUES (34, 2, 26, 3, '月考2', '2023-10-15', 49.50, 44, '学科前沿动态关注密切', '2025-05-27 09:16:16', '2025-05-27 09:16:16');
INSERT INTO `exam_scores` VALUES (35, 2, 27, 3, '月考2', '2023-10-15', 64.99, 44, '学习目标明确且具有挑战性与可行性，能够为实现目标付出不懈的努力与追求，并不断超越自我、挑战极限，实现自我价值与梦想。', '2025-05-27 09:16:16', '2025-05-27 09:16:16');
INSERT INTO `exam_scores` VALUES (36, 2, 28, 3, '月考2', '2023-10-15', 70.30, 44, '阅读英文文献时整理学术前沿词汇，提升专业英语敏感度。', '2025-05-27 09:16:16', '2025-05-27 15:31:40');
INSERT INTO `exam_scores` VALUES (37, 2, 29, 3, '月考2', '2023-10-15', 51.59, 44, '实验报告撰写规范，数据分析准确', '2025-05-27 09:16:16', '2025-05-27 09:16:16');
INSERT INTO `exam_scores` VALUES (38, 2, 30, 3, '月考2', '2023-10-15', 64.65, 44, '考试后针对薄弱环节制定个性化训练计划，精准提升。', '2025-05-27 09:16:16', '2025-05-27 09:16:16');
INSERT INTO `exam_scores` VALUES (39, 2, 31, 3, '月考2', '2023-10-15', 99.80, 44, '对专业领域的热点问题主动开展文献调研，形成独立见解。', '2025-05-27 09:16:16', '2025-05-27 09:16:16');
INSERT INTO `exam_scores` VALUES (40, 2, 32, 3, '月考2', '2023-10-15', 91.62, 44, '在小组合作中，能够与同学友好相处，共同进步。', '2025-05-27 09:16:16', '2025-05-27 09:16:16');
INSERT INTO `exam_scores` VALUES (41, 2, 33, 3, '月考2', '2023-10-15', 78.68, 44, '作业完成情况良好且能够认真总结学习中的经验与教训，为后续学习提供有益的参考与借鉴，并不断完善自我学习方法与策略，提升学习效率与质量，为未来学习与发展奠定坚实基础，并展现出卓越的学习潜力与成长空间。', '2025-05-27 09:16:16', '2025-05-27 09:16:16');
INSERT INTO `exam_scores` VALUES (42, 2, 34, 3, '月考2', '2023-10-15', 69.58, 44, '课堂即兴发言精彩，临场发挥好', '2025-05-27 09:16:16', '2025-05-27 09:16:16');
INSERT INTO `exam_scores` VALUES (43, 2, 35, 3, '月考2', '2023-10-15', 82.79, 44, '小组合作中鼓励创新思维表达，营造包容学习环境。', '2025-05-27 09:16:16', '2025-05-27 09:16:16');
INSERT INTO `exam_scores` VALUES (44, 2, 36, 3, '月考2', '2023-10-15', 76.34, 44, '作业错误及时改正，态度严谨', '2025-05-27 09:16:16', '2025-05-27 09:16:16');
INSERT INTO `exam_scores` VALUES (45, 2, 37, 3, '月考2', '2023-10-15', 79.82, 44, '考试时心态稳定，发挥正常。', '2025-05-27 09:16:16', '2025-05-27 09:16:16');
INSERT INTO `exam_scores` VALUES (46, 2, 38, 3, '月考2', '2023-10-15', 58.00, 44, '对于学习中的困难，能够积极面对并克服。', '2025-05-27 09:16:16', '2025-05-27 09:16:16');
INSERT INTO `exam_scores` VALUES (47, 2, 39, 3, '月考2', '2023-10-15', 57.33, 44, '在小组合作中能够积极协调各方资源并推动团队项目顺利进行，展现领导才能与团队协作精神。', '2025-05-27 09:16:16', '2025-05-27 09:16:16');
INSERT INTO `exam_scores` VALUES (48, 2, 40, 3, '月考2', '2023-10-15', 68.61, 44, '作业电子文档排版专业', '2025-05-27 09:16:16', '2025-05-27 09:16:16');
INSERT INTO `exam_scores` VALUES (49, 2, 41, 3, '月考2', '2023-10-15', 44.36, 44, '课堂表现积极，参与感强', '2025-05-27 09:16:16', '2025-05-27 09:16:16');
INSERT INTO `exam_scores` VALUES (50, 2, 42, 3, '月考2', '2023-10-15', 43.93, 44, '课堂上能够认真听讲，做好笔记。', '2025-05-27 09:16:16', '2025-05-27 09:16:16');
INSERT INTO `exam_scores` VALUES (51, 2, 2, 3, '月考3', '2023-11-15', 88.41, 44, '基础知识扎实，细节到位', '2025-05-27 09:18:50', '2025-05-27 09:18:50');
INSERT INTO `exam_scores` VALUES (52, 2, 3, 3, '月考3', '2023-11-15', 97.23, 44, '学习计划合理，且能够按照计划有序推进。', '2025-05-27 09:18:50', '2025-05-27 09:18:50');
INSERT INTO `exam_scores` VALUES (53, 2, 4, 3, '月考3', '2023-11-15', 46.10, 44, '作业完成情况良好，且能够认真对待每一次作业的批改与反馈。', '2025-05-27 09:18:50', '2025-05-27 09:18:50');
INSERT INTO `exam_scores` VALUES (54, 2, 5, 3, '月考3', '2023-11-15', 53.97, 44, '知识点掌握全面，无遗漏', '2025-05-27 09:18:50', '2025-05-27 09:18:50');
INSERT INTO `exam_scores` VALUES (55, 2, 6, 3, '月考3', '2023-11-15', 62.03, 44, '对于知识的理解深刻，能够从不同角度分析问题。', '2025-05-27 09:18:50', '2025-05-27 09:18:50');
INSERT INTO `exam_scores` VALUES (56, 2, 7, 3, '月考3', '2023-11-15', 85.87, 44, '对于学习中的挑战，能够勇敢面对并积极寻求解决方案。', '2025-05-27 09:18:50', '2025-05-27 09:18:50');
INSERT INTO `exam_scores` VALUES (57, 2, 11, 3, '月考3', '2023-11-15', 45.65, 44, '复习计划中结合脑科学研究成果，优化学习时段分配。', '2025-05-27 09:18:50', '2025-05-27 09:18:50');
INSERT INTO `exam_scores` VALUES (58, 2, 25, 3, '月考3', '2023-11-15', 66.27, 44, '对于难题，能够坚持不懈地钻研。', '2025-05-27 09:18:50', '2025-05-27 09:18:50');
INSERT INTO `exam_scores` VALUES (59, 2, 26, 3, '月考3', '2023-11-15', 57.59, 44, '学习目标清晰，行动力强', '2025-05-27 09:18:50', '2025-05-27 09:18:50');
INSERT INTO `exam_scores` VALUES (60, 2, 27, 3, '月考3', '2023-11-15', 87.56, 44, '学习方法科学有效且注重知识的系统性与逻辑性，能够构建完整的知识体系框架并灵活运用。', '2025-05-27 09:18:51', '2025-05-27 09:18:51');
INSERT INTO `exam_scores` VALUES (61, 2, 28, 3, '月考3', '2023-11-15', 70.30, 44, '对学习内容进行场景化联想，提升记忆效率与应用灵活性。', '2025-05-27 09:18:51', '2025-05-27 15:31:40');
INSERT INTO `exam_scores` VALUES (62, 2, 29, 3, '月考3', '2023-11-15', 71.33, 44, '学习计划执行到位，效果显著', '2025-05-27 09:18:51', '2025-05-27 09:18:51');
INSERT INTO `exam_scores` VALUES (63, 2, 30, 3, '月考3', '2023-11-15', 72.95, 44, '笔记工整，复习效率高', '2025-05-27 09:18:51', '2025-05-27 09:18:51');
INSERT INTO `exam_scores` VALUES (64, 2, 31, 3, '月考3', '2023-11-15', 49.44, 44, '小组讨论主导性强，组织能力突出', '2025-05-27 09:18:51', '2025-05-27 09:18:51');
INSERT INTO `exam_scores` VALUES (65, 2, 32, 3, '月考3', '2023-11-15', 96.59, 44, '对于知识的理解深刻，能够从不同角度分析问题。', '2025-05-27 09:18:51', '2025-05-27 09:18:51');
INSERT INTO `exam_scores` VALUES (66, 2, 33, 3, '月考3', '2023-11-15', 94.27, 44, '小组合作中担任技术支持角色，解决数字化学习难题。', '2025-05-27 09:18:51', '2025-05-27 09:18:51');
INSERT INTO `exam_scores` VALUES (67, 2, 34, 3, '月考3', '2023-11-15', 41.19, 44, '答题术语专业，表述精准', '2025-05-27 09:18:51', '2025-05-27 09:18:51');
INSERT INTO `exam_scores` VALUES (68, 2, 35, 3, '月考3', '2023-11-15', 64.92, 44, '作业按时完成，且能够针对错误进行深入剖析与订正。', '2025-05-27 09:18:51', '2025-05-27 09:18:51');
INSERT INTO `exam_scores` VALUES (69, 2, 36, 3, '月考3', '2023-11-15', 53.16, 44, '对于新知识，能够快速理解和掌握。', '2025-05-27 09:18:51', '2025-05-27 09:18:51');
INSERT INTO `exam_scores` VALUES (70, 2, 37, 3, '月考3', '2023-11-15', 55.19, 44, '考试策略中关注分值分布，合理分配答题时间与精力。', '2025-05-27 09:18:51', '2025-05-27 09:18:51');
INSERT INTO `exam_scores` VALUES (71, 2, 38, 3, '月考3', '2023-11-15', 66.29, 44, '课堂演示自信大方，表达流畅', '2025-05-27 09:18:51', '2025-05-27 09:18:51');
INSERT INTO `exam_scores` VALUES (72, 2, 39, 3, '月考3', '2023-11-15', 79.68, 44, '阅读科普作品时善于提炼科学思维方法，迁移到专业学习。', '2025-05-27 09:18:51', '2025-05-27 09:18:51');
INSERT INTO `exam_scores` VALUES (73, 2, 40, 3, '月考3', '2023-11-15', 54.06, 44, '作业中对复杂问题进行模块化拆解，分步解答提升清晰度。', '2025-05-27 09:18:51', '2025-05-27 09:18:51');
INSERT INTO `exam_scores` VALUES (74, 2, 41, 3, '月考3', '2023-11-15', 98.51, 44, '学习方法科学，注重知识的系统性和连贯性。', '2025-05-27 09:18:51', '2025-05-27 09:18:51');
INSERT INTO `exam_scores` VALUES (75, 2, 42, 3, '月考3', '2023-11-15', 71.98, 44, '阅读学术论文时分析研究局限性，提出未来研究方向建议。', '2025-05-27 09:18:51', '2025-05-27 09:18:51');
INSERT INTO `exam_scores` VALUES (76, 2, 2, 3, '月考4', '2023-12-15', 62.12, 44, '对跨年级知识衔接主动查漏补缺，夯实学习基础。', '2025-05-27 09:19:10', '2025-05-27 09:19:10');
INSERT INTO `exam_scores` VALUES (77, 2, 3, 3, '月考4', '2023-12-15', 75.99, 44, '小组合作中关注成员情绪状态，营造积极学习氛围。', '2025-05-27 09:19:10', '2025-05-27 09:19:10');
INSERT INTO `exam_scores` VALUES (78, 2, 4, 3, '月考4', '2023-12-15', 61.20, 44, '在小组合作中能够积极发挥自己的创造力与想象力，为团队带来新思路与解决方案，并推动团队项目取得成功与突破，展现卓越的领导才能与团队协作精神，为团队贡献智慧与力量，并赢得同学们的认可与尊重。', '2025-05-27 09:19:10', '2025-05-27 09:19:10');
INSERT INTO `exam_scores` VALUES (79, 2, 5, 3, '月考4', '2023-12-15', 64.35, 44, '对于学习中的困难与挑战，能够主动寻求帮助并努力克服，不断提升自我能力。', '2025-05-27 09:19:10', '2025-05-27 09:19:10');
INSERT INTO `exam_scores` VALUES (80, 2, 6, 3, '月考4', '2023-12-15', 55.93, 44, '学习方法灵活，能够根据不同学科特点调整策略。', '2025-05-27 09:19:10', '2025-05-27 09:19:10');
INSERT INTO `exam_scores` VALUES (81, 2, 7, 3, '月考4', '2023-12-15', 96.93, 44, '复习计划结合艾宾浩斯遗忘曲线，科学安排记忆节点。', '2025-05-27 09:19:10', '2025-05-27 09:19:10');
INSERT INTO `exam_scores` VALUES (82, 2, 11, 3, '月考4', '2023-12-15', 86.82, 44, '善于总结，错题改进明显', '2025-05-27 09:19:10', '2025-05-27 09:19:10');
INSERT INTO `exam_scores` VALUES (83, 2, 25, 3, '月考4', '2023-12-15', 51.91, 44, '对于知识的理解透彻，能够举一反三。', '2025-05-27 09:19:10', '2025-05-27 09:19:10');
INSERT INTO `exam_scores` VALUES (84, 2, 26, 3, '月考4', '2023-12-15', 83.86, 44, '阅读学术论文时提炼研究框架，尝试设计自主研究课题。', '2025-05-27 09:19:10', '2025-05-27 09:19:10');
INSERT INTO `exam_scores` VALUES (85, 2, 27, 3, '月考4', '2023-12-15', 64.50, 44, '学习榜样作用发挥明显', '2025-05-27 09:19:10', '2025-05-27 09:19:10');
INSERT INTO `exam_scores` VALUES (86, 2, 28, 3, '月考4', '2023-12-15', 70.30, 44, '对于知识的理解深刻全面且能够准确把握知识之间的内在联系与规律，为实践与创新提供有力支撑与保障，并展现出非凡的学习潜力与才华。', '2025-05-27 09:19:10', '2025-05-27 15:31:40');
INSERT INTO `exam_scores` VALUES (87, 2, 29, 3, '月考4', '2023-12-15', 57.87, 44, '作业创意方案实施性强', '2025-05-27 09:19:10', '2025-05-27 09:19:10');
INSERT INTO `exam_scores` VALUES (88, 2, 30, 3, '月考4', '2023-12-15', 94.18, 44, '学习计划性强，能够合理安排学习时间。', '2025-05-27 09:19:10', '2025-05-27 09:19:10');
INSERT INTO `exam_scores` VALUES (89, 2, 31, 3, '月考4', '2023-12-15', 44.21, 44, '课堂提问有深度，体现思考', '2025-05-27 09:19:10', '2025-05-27 09:19:10');
INSERT INTO `exam_scores` VALUES (90, 2, 32, 3, '月考4', '2023-12-15', 58.41, 44, '复习计划中结合历年真题分析，把握考试命题趋势。', '2025-05-27 09:19:10', '2025-05-27 09:19:10');
INSERT INTO `exam_scores` VALUES (91, 2, 33, 3, '月考4', '2023-12-15', 44.38, 44, '考试后制作学习雷达图，直观展示各模块掌握程度。', '2025-05-27 09:19:10', '2025-05-27 09:19:10');
INSERT INTO `exam_scores` VALUES (92, 2, 34, 3, '月考4', '2023-12-15', 53.09, 44, '课外实践活动积极，学以致用', '2025-05-27 09:19:10', '2025-05-27 09:19:10');
INSERT INTO `exam_scores` VALUES (93, 2, 35, 3, '月考4', '2023-12-15', 73.41, 44, '作业按时完成，且质量较高。', '2025-05-27 09:19:10', '2025-05-27 09:19:10');
INSERT INTO `exam_scores` VALUES (94, 2, 36, 3, '月考4', '2023-12-15', 44.20, 44, '对专业领域的热点问题主动开展文献调研，形成独立见解。', '2025-05-27 09:19:10', '2025-05-27 09:19:10');
INSERT INTO `exam_scores` VALUES (95, 2, 37, 3, '月考4', '2023-12-15', 78.92, 44, '实验数据分析中运用统计学方法，增强结论可信度。', '2025-05-27 09:19:10', '2025-05-27 09:19:10');
INSERT INTO `exam_scores` VALUES (96, 2, 38, 3, '月考4', '2023-12-15', 44.11, 44, '学习目标明确，且能够为实现目标付出不懈的努力。', '2025-05-27 09:19:10', '2025-05-27 09:19:10');
INSERT INTO `exam_scores` VALUES (97, 2, 39, 3, '月考4', '2023-12-15', 96.01, 44, '学习计划合理，且能够严格执行。', '2025-05-27 09:19:10', '2025-05-27 09:19:10');
INSERT INTO `exam_scores` VALUES (98, 2, 40, 3, '月考4', '2023-12-15', 64.65, 44, '学习过程中善于利用图表工具，让复杂知识直观化。', '2025-05-27 09:19:10', '2025-05-27 09:19:10');
INSERT INTO `exam_scores` VALUES (99, 2, 41, 3, '月考4', '2023-12-15', 52.46, 44, '学习热情高涨，主动性足', '2025-05-27 09:19:10', '2025-05-27 09:19:10');
INSERT INTO `exam_scores` VALUES (100, 2, 42, 3, '月考4', '2023-12-15', 80.53, 44, '作业中对理论应用进行效果评估，提出优化改进建议。', '2025-05-27 09:19:10', '2025-05-27 09:19:10');
INSERT INTO `exam_scores` VALUES (101, 1, 1, 3, '竞赛1', '2024-05-25', 64.80, 44, '答题术语专业，表述精准', '2025-05-27 09:21:06', '2025-05-27 15:31:40');
INSERT INTO `exam_scores` VALUES (102, 1, 8, 3, '竞赛1', '2024-05-25', 69.73, 44, '课堂专注度高，积极参与讨论', '2025-05-27 09:21:06', '2025-05-27 09:21:06');
INSERT INTO `exam_scores` VALUES (103, 1, 9, 3, '竞赛1', '2024-05-25', 63.20, 44, '课堂专注度高，积极参与讨论', '2025-05-27 09:21:06', '2025-05-27 09:21:06');
INSERT INTO `exam_scores` VALUES (104, 1, 10, 3, '竞赛1', '2024-05-25', 51.60, 44, '对专业领域的热点争议事件进行深度剖析，形成研究报告。', '2025-05-27 09:21:06', '2025-05-27 09:21:06');
INSERT INTO `exam_scores` VALUES (105, 1, 12, 3, '竞赛1', '2024-05-25', 58.70, 44, '学习效率突出，时间管理佳', '2025-05-27 09:21:06', '2025-05-27 09:21:06');
INSERT INTO `exam_scores` VALUES (106, 1, 13, 3, '竞赛1', '2024-05-25', 78.85, 44, '学习效率管理中采用番茄工作法，提升专注时长。', '2025-05-27 09:21:06', '2025-05-27 09:21:06');
INSERT INTO `exam_scores` VALUES (107, 1, 14, 3, '竞赛1', '2024-05-25', 44.17, 44, '实验数据异常时设计对照实验排查原因，展现探究精神。', '2025-05-27 09:21:06', '2025-05-27 09:21:06');
INSERT INTO `exam_scores` VALUES (108, 1, 15, 3, '竞赛1', '2024-05-25', 95.96, 44, '考试应急预案周全，应对沉着', '2025-05-27 09:21:06', '2025-05-27 09:21:06');
INSERT INTO `exam_scores` VALUES (109, 1, 16, 3, '竞赛1', '2024-05-25', 71.21, 44, '作业完成质量高且能够提出创新性的解题思路与方法，为团队学习带来新思路与启发，并推动学习进步与发展，展现非凡的学习才华与创造力，为团队贡献智慧与力量，并赢得同学们的认可与尊重，为未来学习与发展赢得更多机会与资源。', '2025-05-27 09:21:06', '2025-05-27 09:21:06');
INSERT INTO `exam_scores` VALUES (110, 1, 17, 3, '竞赛1', '2024-05-25', 77.93, 44, '对于知识的理解深刻全面且能够准确把握知识之间的内在联系与规律，为实践与创新提供有力支撑与保障，并展现出非凡的学习潜力与才华，为未来学习与发展注入强大动力与信心，并不断推动自我创新与发展，实现自我价值与梦想。', '2025-05-27 09:21:06', '2025-05-27 09:21:06');
INSERT INTO `exam_scores` VALUES (111, 1, 18, 3, '竞赛1', '2024-05-25', 45.70, 44, '考试后制作学习雷达图，直观展示各模块掌握程度。', '2025-05-27 09:21:06', '2025-05-27 09:21:06');
INSERT INTO `exam_scores` VALUES (112, 1, 19, 3, '竞赛1', '2024-05-25', 56.53, 44, '小组合作中推动形成学习共同体，激发集体学习活力。', '2025-05-27 09:21:06', '2025-05-27 09:21:06');
INSERT INTO `exam_scores` VALUES (113, 1, 20, 3, '竞赛1', '2024-05-25', 67.25, 44, '对于学习中遇到的挫折，能够迅速调整心态，重新出发。', '2025-05-27 09:21:06', '2025-05-27 09:21:06');
INSERT INTO `exam_scores` VALUES (114, 1, 21, 3, '竞赛1', '2024-05-25', 99.90, 44, '课堂上能够认真听讲，积极参与讨论。', '2025-05-27 09:21:06', '2025-05-25 06:56:23');
INSERT INTO `exam_scores` VALUES (115, 1, 22, 3, '竞赛1', '2024-05-25', 94.40, 44, '考试后针对错题进行同类题型拓展训练，强化解题能力。', '2025-05-27 09:21:06', '2025-05-27 09:21:06');
INSERT INTO `exam_scores` VALUES (116, 1, 23, 3, '竞赛1', '2024-05-25', 58.76, 44, '学习目标明确，且有计划地去实现。', '2025-05-27 09:21:06', '2025-05-27 09:21:06');
INSERT INTO `exam_scores` VALUES (117, 1, 24, 3, '竞赛1', '2024-05-25', 43.56, 44, '解题思路清晰，逻辑性强', '2025-05-27 09:21:06', '2025-05-27 09:21:06');
INSERT INTO `exam_scores` VALUES (118, 1, 1, 3, '竞赛2', '2025-05-26', 64.80, 44, '学习态度认真，从不敷衍了事。', '2025-05-27 09:21:22', '2025-05-27 16:23:55');
INSERT INTO `exam_scores` VALUES (119, 1, 8, 3, '竞赛2', '2025-05-26', 42.24, 44, '学习工具选择注重兼容性，实现多平台学习数据同步。', '2025-05-27 09:21:22', '2025-05-27 16:23:55');
INSERT INTO `exam_scores` VALUES (120, 1, 9, 3, '竞赛2', '2025-05-26', 62.42, 44, '阅读专业书籍时制作知识图谱，可视化呈现核心要点。', '2025-05-27 09:21:22', '2025-05-27 16:23:55');
INSERT INTO `exam_scores` VALUES (121, 1, 10, 3, '竞赛2', '2025-05-26', 97.39, 44, '在小组合作中，能够与同学友好相处，共同进步。', '2025-05-27 09:21:22', '2025-05-27 16:23:55');
INSERT INTO `exam_scores` VALUES (122, 1, 12, 3, '竞赛2', '2025-05-26', 74.51, 44, '学习反思中记录思维误区，提醒自我避免重复犯错。', '2025-05-27 09:21:22', '2025-05-27 16:23:55');
INSERT INTO `exam_scores` VALUES (123, 1, 13, 3, '竞赛2', '2025-05-26', 69.50, 44, '作业互评认真，取长补短', '2025-05-27 09:21:22', '2025-05-27 16:23:55');
INSERT INTO `exam_scores` VALUES (124, 1, 14, 3, '竞赛2', '2025-05-26', 87.63, 44, '学习态度认真，从不敷衍了事。', '2025-05-27 09:21:22', '2025-05-27 16:23:55');
INSERT INTO `exam_scores` VALUES (125, 1, 15, 3, '竞赛2', '2025-05-26', 45.97, 44, '实验报告中引用跨时代研究成果，展现学术传承与发展。', '2025-05-27 09:21:22', '2025-05-27 16:23:55');
INSERT INTO `exam_scores` VALUES (126, 1, 16, 3, '竞赛2', '2025-05-26', 64.11, 44, '对于学习中的不足，能够主动承认并努力改进，不断提升自己。', '2025-05-27 09:21:22', '2025-05-27 16:23:55');
INSERT INTO `exam_scores` VALUES (127, 1, 17, 3, '竞赛2', '2025-05-26', 77.97, 44, '实验操作中严格遵守安全规范，展现严谨科学态度。', '2025-05-27 09:21:22', '2025-05-27 16:23:55');
INSERT INTO `exam_scores` VALUES (128, 1, 18, 3, '竞赛2', '2025-05-26', 85.44, 44, '作业中对理论应用进行效果评估，提出优化改进建议。', '2025-05-27 09:21:22', '2025-05-27 16:23:55');
INSERT INTO `exam_scores` VALUES (129, 1, 19, 3, '竞赛2', '2025-05-26', 85.37, 44, '对专业领域的热点问题主动开展文献调研，形成独立见解。', '2025-05-27 09:21:22', '2025-05-27 16:23:55');
INSERT INTO `exam_scores` VALUES (130, 1, 20, 3, '竞赛2', '2025-05-26', 56.65, 44, '考试时能够合理安排时间，答题规范。', '2025-05-27 09:21:22', '2025-05-27 16:23:55');
INSERT INTO `exam_scores` VALUES (131, 1, 21, 3, '竞赛2', '2025-05-26', 99.90, 44, '学习目标明确，且有计划地去实现。', '2025-05-27 09:21:22', '2025-05-25 06:56:23');
INSERT INTO `exam_scores` VALUES (132, 1, 22, 3, '竞赛2', '2025-05-26', 84.03, 44, '错题本整理系统，便于查漏补缺', '2025-05-27 09:21:22', '2025-05-27 16:23:55');
INSERT INTO `exam_scores` VALUES (133, 1, 23, 3, '竞赛2', '2025-05-26', 73.52, 44, '学习态度认真，对待学习充满热情。', '2025-05-27 09:21:22', '2025-05-27 16:23:55');
INSERT INTO `exam_scores` VALUES (134, 1, 24, 3, '竞赛2', '2025-05-26', 53.47, 44, '作业中对开放性问题提出可持续发展建议，体现社会责任感。', '2025-05-27 09:21:22', '2025-05-27 16:23:55');
INSERT INTO `exam_scores` VALUES (135, 1, 1, 3, '竞赛3', '2025-05-27', 64.80, 44, '课堂上能够紧跟老师思路，积极思考并提出疑问。', '2025-05-27 09:21:39', '2025-05-27 15:31:40');
INSERT INTO `exam_scores` VALUES (136, 1, 8, 3, '竞赛3', '2025-05-27', 76.61, 44, '答题对比分析法运用熟练', '2025-05-27 09:21:39', '2025-05-27 09:21:39');
INSERT INTO `exam_scores` VALUES (137, 1, 9, 3, '竞赛3', '2025-05-27', 42.19, 44, '对专业领域的技术革新主动学习，撰写学习总结报告。', '2025-05-27 09:21:39', '2025-05-27 09:21:39');
INSERT INTO `exam_scores` VALUES (138, 1, 10, 3, '竞赛3', '2025-05-27', 63.41, 44, '实验操作中注重环保意识，合理处理实验废弃物。', '2025-05-27 09:21:39', '2025-05-27 09:21:39');
INSERT INTO `exam_scores` VALUES (139, 1, 12, 3, '竞赛3', '2025-05-27', 61.94, 44, '考试时能够保持平和的心态与稳定的发挥水平，确保答题质量与效率并重。', '2025-05-27 09:21:39', '2025-05-27 09:21:39');
INSERT INTO `exam_scores` VALUES (140, 1, 13, 3, '竞赛3', '2025-05-27', 42.62, 44, '对学习资源进行分类管理，建立个人专属知识库。', '2025-05-27 09:21:40', '2025-05-27 09:21:40');
INSERT INTO `exam_scores` VALUES (141, 1, 14, 3, '竞赛3', '2025-05-27', 44.07, 44, '作业中对计算结果进行敏感性分析，评估变量影响程度。', '2025-05-27 09:21:40', '2025-05-27 09:21:40');
INSERT INTO `exam_scores` VALUES (142, 1, 15, 3, '竞赛3', '2025-05-27', 70.86, 44, '对跨学科知识进行创新性融合，尝试解决行业实际问题。', '2025-05-27 09:21:40', '2025-05-27 09:21:40');
INSERT INTO `exam_scores` VALUES (143, 1, 16, 3, '竞赛3', '2025-05-27', 42.44, 44, '实验变量控制严谨，结论可靠', '2025-05-27 09:21:40', '2025-05-27 09:21:40');
INSERT INTO `exam_scores` VALUES (144, 1, 17, 3, '竞赛3', '2025-05-27', 89.08, 44, '作业提交后主动向老师请教优化建议，追求精益求精。', '2025-05-27 09:21:40', '2025-05-27 09:21:40');
INSERT INTO `exam_scores` VALUES (145, 1, 18, 3, '竞赛3', '2025-05-27', 92.89, 44, '主动参与学术社团活动，在交流中获取前沿学习资讯。', '2025-05-27 09:21:40', '2025-05-27 09:21:40');
INSERT INTO `exam_scores` VALUES (146, 1, 19, 3, '竞赛3', '2025-05-27', 45.31, 44, '在小组合作中，能够积极分享自己的学习心得。', '2025-05-27 09:21:40', '2025-05-27 09:21:40');
INSERT INTO `exam_scores` VALUES (147, 1, 20, 3, '竞赛3', '2025-05-27', 90.17, 44, '实验操作中注重实验流程优化，提升研究效率与质量。', '2025-05-27 09:21:40', '2025-05-27 09:21:40');
INSERT INTO `exam_scores` VALUES (148, 1, 21, 3, '竞赛3', '2025-05-27', 99.90, 44, '对专业领域的政策法规主动学习，确保研究符合规范要求。', '2025-05-27 09:21:40', '2025-05-25 06:56:23');
INSERT INTO `exam_scores` VALUES (149, 1, 22, 3, '竞赛3', '2025-05-27', 44.40, 44, '学习环境营造良好，专注度高', '2025-05-27 09:21:40', '2025-05-27 09:21:40');
INSERT INTO `exam_scores` VALUES (150, 1, 23, 3, '竞赛3', '2025-05-27', 60.76, 44, '作业中对理论问题进行跨文化比较分析，展现广阔学术视野。', '2025-05-27 09:21:40', '2025-05-27 09:21:40');
INSERT INTO `exam_scores` VALUES (151, 1, 24, 3, '竞赛3', '2025-05-27', 73.93, 44, '课堂提问有深度，体现思考', '2025-05-27 09:21:40', '2025-05-27 09:21:40');
INSERT INTO `exam_scores` VALUES (152, 1, 1, 3, '竞赛4', '2025-05-28', 64.80, 44, '课堂即兴发言精彩，临场发挥好', '2025-05-27 09:21:59', '2025-05-27 16:24:06');
INSERT INTO `exam_scores` VALUES (153, 1, 8, 3, '竞赛4', '2025-05-28', 55.10, 44, '学习方法灵活多样且注重实效性与创新性，能够根据不同学科与任务特点选择最佳策略，并构建完整的知识体系框架，灵活运用知识解决实际问题，展现卓越的学习能力与智慧。', '2025-05-27 09:21:59', '2025-05-27 16:24:06');
INSERT INTO `exam_scores` VALUES (154, 1, 9, 3, '竞赛4', '2025-05-28', 58.06, 44, '复习时采用费曼学习法，用简洁语言复述复杂概念。', '2025-05-27 09:21:59', '2025-05-27 16:24:06');
INSERT INTO `exam_scores` VALUES (155, 1, 10, 3, '竞赛4', '2025-05-28', 82.35, 44, '考试前准备充分，发挥稳定', '2025-05-27 09:21:59', '2025-05-27 16:24:06');
INSERT INTO `exam_scores` VALUES (156, 1, 12, 3, '竞赛4', '2025-05-28', 51.95, 44, '学习目标明确，且有计划地去实现。', '2025-05-27 09:21:59', '2025-05-27 16:24:06');
INSERT INTO `exam_scores` VALUES (157, 1, 13, 3, '竞赛4', '2025-05-28', 74.99, 44, '课堂即兴发言精彩，临场发挥好', '2025-05-27 09:21:59', '2025-05-27 16:24:06');
INSERT INTO `exam_scores` VALUES (158, 1, 14, 3, '竞赛4', '2025-05-28', 96.37, 44, '课堂上能够积极发言表达自己的独到见解与观点，并带动其他同学一起思考探讨问题。', '2025-05-27 09:21:59', '2025-05-27 16:24:06');
INSERT INTO `exam_scores` VALUES (159, 1, 15, 3, '竞赛4', '2025-05-28', 69.43, 44, '学习态度端正，对待学习始终保持谦虚谨慎的态度。', '2025-05-27 09:21:59', '2025-05-27 16:24:06');
INSERT INTO `exam_scores` VALUES (160, 1, 16, 3, '竞赛4', '2025-05-28', 52.48, 44, '实验操作中注重仪器使用规范，延长设备使用寿命。', '2025-05-27 09:21:59', '2025-05-27 16:24:06');
INSERT INTO `exam_scores` VALUES (161, 1, 17, 3, '竞赛4', '2025-05-28', 98.55, 44, '对于知识的理解深刻全面且能够准确把握知识之间的内在联系与规律，为实践与创新提供有力支撑与保障，并展现出非凡的学习潜力与才华，为未来学习与发展注入强大动力与信心，并不断推动自我创新与发展，实现自我价值与梦想，为未来学习与发展赢得更多机会与资源。', '2025-05-27 09:21:59', '2025-05-27 16:24:06');
INSERT INTO `exam_scores` VALUES (162, 1, 18, 3, '竞赛4', '2025-05-28', 71.59, 44, '课外实践活动积极，学以致用', '2025-05-27 09:21:59', '2025-05-27 16:24:06');
INSERT INTO `exam_scores` VALUES (163, 1, 19, 3, '竞赛4', '2025-05-28', 56.07, 44, '新课预习充分，课堂吸收率高', '2025-05-27 09:21:59', '2025-05-27 16:24:06');
INSERT INTO `exam_scores` VALUES (164, 1, 20, 3, '竞赛4', '2025-05-28', 53.04, 44, '小组合作中发挥资源整合能力，搭建多渠道学习支持体系。', '2025-05-27 09:21:59', '2025-05-27 16:24:06');
INSERT INTO `exam_scores` VALUES (165, 1, 21, 3, '竞赛4', '2025-05-28', 99.90, 44, '解题时注重总结通式通法，提升同类问题解决效率。', '2025-05-27 09:21:59', '2025-05-25 06:56:23');
INSERT INTO `exam_scores` VALUES (166, 1, 22, 3, '竞赛4', '2025-05-28', 91.80, 44, '学习疲劳期调整及时', '2025-05-27 09:21:59', '2025-05-27 16:24:06');
INSERT INTO `exam_scores` VALUES (167, 1, 23, 3, '竞赛4', '2025-05-28', 85.88, 44, '对跨学科知识进行创新性融合，尝试解决行业实际问题。', '2025-05-27 09:21:59', '2025-05-27 16:24:06');
INSERT INTO `exam_scores` VALUES (168, 1, 24, 3, '竞赛4', '2025-05-28', 86.54, 44, '课堂分组任务贡献度大', '2025-05-27 09:21:59', '2025-05-27 16:24:06');
INSERT INTO `exam_scores` VALUES (169, 1, 1, 2, '综合测验1', '2024-07-12', 64.80, 45, '对于知识的理解深刻全面且能够准确把握知识之间的内在联系与规律，为实践与创新提供有力支撑与保障。', '2025-05-27 09:24:56', '2025-05-27 15:31:40');
INSERT INTO `exam_scores` VALUES (170, 1, 8, 2, '综合测验1', '2024-07-12', 84.10, 45, '学习目标明确，且能够为实现目标付出实际行动。', '2025-05-27 09:24:56', '2025-05-27 09:28:46');
INSERT INTO `exam_scores` VALUES (171, 1, 9, 2, '综合测验1', '2024-07-12', 52.11, 45, '作业完成情况一直很好，从不拖沓。', '2025-05-27 09:24:56', '2025-05-27 09:28:46');
INSERT INTO `exam_scores` VALUES (172, 1, 10, 2, '综合测验1', '2024-07-12', 64.93, 45, '学习计划合理且富有前瞻性，能够根据学习进度与实际情况灵活调整并确保目标实现。', '2025-05-27 09:24:56', '2025-05-27 09:28:46');
INSERT INTO `exam_scores` VALUES (173, 1, 12, 2, '综合测验1', '2024-07-12', 40.45, 45, '考试后会制作错题归因表，针对性改进薄弱环节。', '2025-05-27 09:24:56', '2025-05-27 09:28:46');
INSERT INTO `exam_scores` VALUES (174, 1, 13, 2, '综合测验1', '2024-07-12', 90.25, 45, '小组合作中定期召开进度会议，及时调整学习策略。', '2025-05-27 09:24:56', '2025-05-27 09:28:46');
INSERT INTO `exam_scores` VALUES (175, 1, 14, 2, '综合测验1', '2024-07-12', 71.51, 45, '课堂表现突出，思维敏捷', '2025-05-27 09:24:56', '2025-05-27 09:28:46');
INSERT INTO `exam_scores` VALUES (176, 1, 15, 2, '综合测验1', '2024-07-12', 97.13, 45, '作业中对复杂问题进行模块化拆解，分步解答提升清晰度。', '2025-05-27 09:24:56', '2025-05-27 09:28:46');
INSERT INTO `exam_scores` VALUES (177, 1, 16, 2, '综合测验1', '2024-07-12', 93.03, 45, '考试时间分配科学，答题从容', '2025-05-27 09:24:56', '2025-05-27 09:28:46');
INSERT INTO `exam_scores` VALUES (178, 1, 17, 2, '综合测验1', '2024-07-12', 64.47, 45, '对专业领域的热点问题主动开展文献调研，形成独立见解。', '2025-05-27 09:24:56', '2025-05-27 09:28:46');
INSERT INTO `exam_scores` VALUES (179, 1, 18, 2, '综合测验1', '2024-07-12', 95.12, 45, '实验报告中引用跨学科研究成果，体现学术交叉视野。', '2025-05-27 09:24:56', '2025-05-27 09:28:46');
INSERT INTO `exam_scores` VALUES (180, 1, 19, 2, '综合测验1', '2024-07-12', 94.34, 45, '作业中尝试用流程图展示解题步骤，提升逻辑清晰度。', '2025-05-27 09:24:56', '2025-05-27 09:28:46');
INSERT INTO `exam_scores` VALUES (181, 1, 20, 2, '综合测验1', '2024-07-12', 76.60, 45, '作业完成态度严谨，一丝不苟', '2025-05-27 09:24:56', '2025-05-27 09:28:46');
INSERT INTO `exam_scores` VALUES (182, 1, 21, 2, '综合测验1', '2024-07-12', 99.90, 45, '作业中对计算过程进行分步验证，确保每一步准确无误。', '2025-05-27 09:24:56', '2025-05-25 06:56:23');
INSERT INTO `exam_scores` VALUES (183, 1, 22, 2, '综合测验1', '2024-07-12', 48.66, 45, '学习中注重理论联系实际，主动寻找生活中的学科应用场景。', '2025-05-27 09:24:56', '2025-05-27 09:28:46');
INSERT INTO `exam_scores` VALUES (184, 1, 23, 2, '综合测验1', '2024-07-12', 89.86, 45, '阅读专业论文时提炼核心论点，制作文献综述简报。', '2025-05-27 09:24:56', '2025-05-27 09:28:46');
INSERT INTO `exam_scores` VALUES (185, 1, 24, 2, '综合测验1', '2024-07-12', 94.49, 45, '小组合作中营造开放包容的学习氛围，尊重不同学术观点。', '2025-05-27 09:24:56', '2025-05-27 09:28:46');
INSERT INTO `exam_scores` VALUES (186, 1, 1, 2, '随堂测验1', '2024-07-12', 64.80, 45, '学习态度端正，对待学习始终保持敬畏之心。', '2025-05-27 09:26:58', '2025-05-27 16:25:09');
INSERT INTO `exam_scores` VALUES (187, 1, 8, 2, '随堂测验1', '2024-07-12', 83.02, 45, '知识框架构建完整，体系清晰', '2025-05-27 09:26:58', '2025-05-27 16:25:09');
INSERT INTO `exam_scores` VALUES (188, 1, 9, 2, '随堂测验1', '2024-07-12', 65.70, 45, '学习之余注重时间分配，保持运动与学习的高效平衡。', '2025-05-27 09:26:58', '2025-05-27 16:25:09');
INSERT INTO `exam_scores` VALUES (189, 1, 10, 2, '随堂测验1', '2024-07-12', 94.79, 45, '学习方法灵活多样且注重实效性与创新性，能够根据不同学科与任务特点选择最佳策略，并构建完整的知识体系框架，灵活运用知识解决实际问题，展现卓越的学习能力与智慧，为未来学习与发展提供有力支撑与保障，并不断推动自我创新与发展。', '2025-05-27 09:26:58', '2025-05-27 16:25:09');
INSERT INTO `exam_scores` VALUES (190, 1, 12, 2, '随堂测验1', '2024-07-12', 99.36, 45, '对于知识的理解透彻，能够举一反三。', '2025-05-27 09:26:58', '2025-05-27 16:25:09');
INSERT INTO `exam_scores` VALUES (191, 1, 13, 2, '随堂测验1', '2024-07-12', 80.66, 45, '学习之余注重时间分配，保持运动与学习的高效平衡。', '2025-05-27 09:26:58', '2025-05-27 16:25:09');
INSERT INTO `exam_scores` VALUES (192, 1, 14, 2, '随堂测验1', '2024-07-12', 55.47, 45, '小组合作中发挥组织协调能力，推动项目按计划落地。', '2025-05-27 09:26:58', '2025-05-27 16:25:09');
INSERT INTO `exam_scores` VALUES (193, 1, 15, 2, '随堂测验1', '2024-07-12', 86.80, 45, '课外阅读习惯良好，能将经典理论与课堂知识相互印证。', '2025-05-27 09:26:58', '2025-05-27 16:25:09');
INSERT INTO `exam_scores` VALUES (194, 1, 16, 2, '随堂测验1', '2024-07-12', 95.62, 45, '课堂上能够积极发言表达自己的独到见解与观点，并与其他同学一起探讨问题、分享经验、共同提升学习水平与能力，展现卓越的沟通表达能力与团队协作精神，为团队学习与发展注入活力与动力，并推动学习进步与发展，为未来学习与发展赢得更多机会与资源，并不断推动自我超越与发展。', '2025-05-27 09:26:58', '2025-05-27 16:25:09');
INSERT INTO `exam_scores` VALUES (195, 1, 17, 2, '随堂测验1', '2024-07-12', 78.02, 45, '阅读科普文章时提炼思维模型，应用于专业问题解决。', '2025-05-27 09:26:58', '2025-05-27 16:25:09');
INSERT INTO `exam_scores` VALUES (196, 1, 18, 2, '随堂测验1', '2024-07-12', 85.96, 45, '学习疲劳调节得当，效率持续', '2025-05-27 09:26:58', '2025-05-27 16:25:09');
INSERT INTO `exam_scores` VALUES (197, 1, 19, 2, '随堂测验1', '2024-07-12', 76.60, 45, '对于复杂问题，能够耐心地逐步分析。', '2025-05-27 09:26:58', '2025-05-27 16:25:09');
INSERT INTO `exam_scores` VALUES (198, 1, 20, 2, '随堂测验1', '2024-07-12', 83.07, 45, '课堂上能够积极发言，表达自己的观点。', '2025-05-27 09:26:58', '2025-05-27 16:25:09');
INSERT INTO `exam_scores` VALUES (199, 1, 21, 2, '随堂测验1', '2024-07-12', 99.90, 45, '阅读英文文献时整理学术表达句式库，提升专业写作能力。', '2025-05-27 09:26:58', '2025-05-25 06:56:23');
INSERT INTO `exam_scores` VALUES (200, 1, 22, 2, '随堂测验1', '2024-07-12', 64.38, 45, '学习目标明确，且为之努力奋斗。', '2025-05-27 09:26:58', '2025-05-27 16:25:09');
INSERT INTO `exam_scores` VALUES (201, 1, 23, 2, '随堂测验1', '2024-07-12', 46.52, 45, '答题规范，卷面整洁', '2025-05-27 09:26:58', '2025-05-27 16:25:09');
INSERT INTO `exam_scores` VALUES (202, 1, 24, 2, '随堂测验1', '2024-07-12', 70.02, 45, '小组讨论中善于提出启发性问题，引导团队深入思考。', '2025-05-27 09:26:58', '2025-05-27 16:25:09');
INSERT INTO `exam_scores` VALUES (203, 1, 1, 2, '随堂测验2', '2024-07-13', 64.80, 45, '学习自觉性高，无需督促', '2025-05-27 09:27:17', '2025-05-27 15:31:40');
INSERT INTO `exam_scores` VALUES (204, 1, 8, 2, '随堂测验2', '2024-07-13', 60.14, 45, '学习计划性强，能够合理安排学习时间。', '2025-05-27 09:27:17', '2025-05-27 09:27:17');
INSERT INTO `exam_scores` VALUES (205, 1, 9, 2, '随堂测验2', '2024-07-13', 91.97, 45, '在小组合作中，能够承担起自己的责任，不推诿。', '2025-05-27 09:27:17', '2025-05-27 09:27:17');
INSERT INTO `exam_scores` VALUES (206, 1, 10, 2, '随堂测验2', '2024-07-13', 53.78, 45, '实验操作中及时记录灵感闪现，为后续研究提供线索。', '2025-05-27 09:27:17', '2025-05-27 09:27:17');
INSERT INTO `exam_scores` VALUES (207, 1, 12, 2, '随堂测验2', '2024-07-13', 40.49, 45, '知识树状图归纳清晰', '2025-05-27 09:27:17', '2025-05-27 09:27:17');
INSERT INTO `exam_scores` VALUES (208, 1, 13, 2, '随堂测验2', '2024-07-13', 62.43, 45, '对专业领域的发展脉络进行时间轴梳理，把握知识演进规律。', '2025-05-27 09:27:17', '2025-05-27 09:27:17');
INSERT INTO `exam_scores` VALUES (209, 1, 14, 2, '随堂测验2', '2024-07-13', 55.75, 45, '复习时擅长通过案例模拟强化知识应用，提升实战水平。', '2025-05-27 09:27:17', '2025-05-27 09:27:17');
INSERT INTO `exam_scores` VALUES (210, 1, 15, 2, '随堂测验2', '2024-07-13', 42.58, 45, '学习效率突出，时间管理佳', '2025-05-27 09:27:17', '2025-05-27 09:27:17');
INSERT INTO `exam_scores` VALUES (211, 1, 16, 2, '随堂测验2', '2024-07-13', 56.89, 45, '考试心理暗示积极，状态佳', '2025-05-27 09:27:17', '2025-05-27 09:27:17');
INSERT INTO `exam_scores` VALUES (212, 1, 17, 2, '随堂测验2', '2024-07-13', 66.71, 45, '作业中对开放性问题进行多角度论证，展现思维广度。', '2025-05-27 09:27:17', '2025-05-27 09:27:17');
INSERT INTO `exam_scores` VALUES (213, 1, 18, 2, '随堂测验2', '2024-07-13', 82.48, 45, '解题思路独特，见解新颖', '2025-05-27 09:27:17', '2025-05-27 09:27:17');
INSERT INTO `exam_scores` VALUES (214, 1, 19, 2, '随堂测验2', '2024-07-13', 66.50, 45, '对于学习中遇到的挫折，能够迅速调整心态，重新出发。', '2025-05-27 09:27:17', '2025-05-27 09:27:17');
INSERT INTO `exam_scores` VALUES (215, 1, 20, 2, '随堂测验2', '2024-07-13', 74.38, 45, '作业完成情况良好，且能够认真对待每一次作业的批改与反馈。', '2025-05-27 09:27:17', '2025-05-27 09:27:17');
INSERT INTO `exam_scores` VALUES (216, 1, 21, 2, '随堂测验2', '2024-07-13', 99.90, 45, '考试时能够保持平和的心态与稳定的发挥水平，确保答题质量与效率并重。', '2025-05-27 09:27:17', '2025-05-25 06:56:23');
INSERT INTO `exam_scores` VALUES (217, 1, 22, 2, '随堂测验2', '2024-07-13', 91.18, 45, '作业中尝试用不同学科术语阐述同一概念，增强跨学科理解。', '2025-05-27 09:27:17', '2025-05-27 09:27:17');
INSERT INTO `exam_scores` VALUES (218, 1, 23, 2, '随堂测验2', '2024-07-13', 90.59, 45, '能够主动预习新课，为课堂学习做好准备。', '2025-05-27 09:27:17', '2025-05-27 09:27:17');
INSERT INTO `exam_scores` VALUES (219, 1, 24, 2, '随堂测验2', '2024-07-13', 71.23, 45, '复习时通过模拟考试场景适应节奏，提升应试熟练度。', '2025-05-27 09:27:17', '2025-05-27 09:27:17');
INSERT INTO `exam_scores` VALUES (220, 1, 1, 2, '综合测验2', '2024-07-14', 64.80, 45, '阅读科普文章时提炼创新思维模式，应用于专业问题解决。', '2025-05-27 09:29:33', '2025-05-27 15:31:40');
INSERT INTO `exam_scores` VALUES (221, 1, 8, 2, '综合测验2', '2024-07-14', 81.38, 45, '学习方法灵活多样，能够根据实际情况调整。', '2025-05-27 09:29:33', '2025-05-27 09:29:47');
INSERT INTO `exam_scores` VALUES (222, 1, 9, 2, '综合测验2', '2024-07-14', 53.87, 45, '作业按时完成，态度认真', '2025-05-27 09:29:33', '2025-05-27 09:29:47');
INSERT INTO `exam_scores` VALUES (223, 1, 10, 2, '综合测验2', '2024-07-14', 87.53, 45, '学习态度端正，课堂表现积极', '2025-05-27 09:29:33', '2025-05-27 09:29:47');
INSERT INTO `exam_scores` VALUES (224, 1, 12, 2, '综合测验2', '2024-07-14', 77.28, 45, '学习情绪稳定，抗压能力强', '2025-05-27 09:29:33', '2025-05-27 09:29:47');
INSERT INTO `exam_scores` VALUES (225, 1, 13, 2, '综合测验2', '2024-07-14', 84.74, 45, '小组合作中主动承担困难任务，展现责任担当精神。', '2025-05-27 09:29:33', '2025-05-27 09:29:47');
INSERT INTO `exam_scores` VALUES (226, 1, 14, 2, '综合测验2', '2024-07-14', 74.35, 45, '实验操作中注重团队协作默契培养，提升整体实验效率。', '2025-05-27 09:29:33', '2025-05-27 09:29:47');
INSERT INTO `exam_scores` VALUES (227, 1, 15, 2, '综合测验2', '2024-07-14', 41.76, 45, '学习目标明确，且能够为实现目标付出持续不断的努力。', '2025-05-27 09:29:33', '2025-05-27 09:29:47');
INSERT INTO `exam_scores` VALUES (228, 1, 16, 2, '综合测验2', '2024-07-14', 63.66, 45, '能够主动复习旧知识，巩固所学内容。', '2025-05-27 09:29:33', '2025-05-27 09:29:47');
INSERT INTO `exam_scores` VALUES (229, 1, 17, 2, '综合测验2', '2024-07-14', 54.35, 45, '考试后与同学分享应考策略，共同提升应试能力。', '2025-05-27 09:29:33', '2025-05-27 09:29:47');
INSERT INTO `exam_scores` VALUES (230, 1, 18, 2, '综合测验2', '2024-07-14', 88.00, 45, '知识点掌握牢固，应用灵活', '2025-05-27 09:29:33', '2025-05-27 09:29:47');
INSERT INTO `exam_scores` VALUES (231, 1, 19, 2, '综合测验2', '2024-07-14', 76.73, 45, '学习效率管理中采用番茄工作法，提升专注时长。', '2025-05-27 09:29:33', '2025-05-27 09:29:47');
INSERT INTO `exam_scores` VALUES (232, 1, 20, 2, '综合测验2', '2024-07-14', 73.07, 45, '学习伙伴互助有效，共同进步', '2025-05-27 09:29:33', '2025-05-27 09:29:47');
INSERT INTO `exam_scores` VALUES (233, 1, 21, 2, '综合测验2', '2024-07-14', 99.90, 45, '答题逻辑清晰，表达准确', '2025-05-27 09:29:33', '2025-05-25 06:56:23');
INSERT INTO `exam_scores` VALUES (234, 1, 22, 2, '综合测验2', '2024-07-14', 78.86, 45, '考试时能够合理安排时间，答题规范。', '2025-05-27 09:29:33', '2025-05-27 09:29:47');
INSERT INTO `exam_scores` VALUES (235, 1, 23, 2, '综合测验2', '2024-07-14', 49.05, 45, '小组合作中建立学习效果互评机制，促进成员间相互监督。', '2025-05-27 09:29:33', '2025-05-27 09:29:47');
INSERT INTO `exam_scores` VALUES (236, 1, 24, 2, '综合测验2', '2024-07-14', 76.55, 45, '学习环境营造良好，专注度高', '2025-05-27 09:29:33', '2025-05-27 09:29:47');
INSERT INTO `exam_scores` VALUES (237, 2, 2, 1, '单元测验1', '2025-01-01', 94.05, 46, '考试后建立学习错题归因模型，系统性改进学习方法。', '2025-05-27 09:31:51', '2025-05-27 09:32:35');
INSERT INTO `exam_scores` VALUES (238, 2, 3, 1, '单元测验1', '2025-01-01', 52.04, 46, '作业完成质量高且能够提出自己的见解与建议，为团队学习贡献智慧与力量。', '2025-05-27 09:31:51', '2025-05-27 09:32:35');
INSERT INTO `exam_scores` VALUES (239, 2, 4, 1, '单元测验1', '2025-01-01', 76.88, 46, '成绩进步显著，值得表扬', '2025-05-27 09:31:51', '2025-05-27 09:32:35');
INSERT INTO `exam_scores` VALUES (240, 2, 5, 1, '单元测验1', '2025-01-01', 82.55, 46, '学习方法科学有效，注重知识的积累与运用能力的提升。', '2025-05-27 09:31:51', '2025-05-27 09:32:35');
INSERT INTO `exam_scores` VALUES (241, 2, 6, 1, '单元测验1', '2025-01-01', 88.85, 46, '学习计划合理，且能够按照计划逐步实现目标。', '2025-05-27 09:31:51', '2025-05-27 09:32:35');
INSERT INTO `exam_scores` VALUES (242, 2, 7, 1, '单元测验1', '2025-01-01', 58.72, 46, '主动申请参与教师科研项目，在实践中积累学术经验。', '2025-05-27 09:31:51', '2025-05-27 09:32:35');
INSERT INTO `exam_scores` VALUES (243, 2, 11, 1, '单元测验1', '2025-01-01', 67.75, 46, '课堂上能够积极发言，表达自己的观点。', '2025-05-27 09:31:51', '2025-05-27 09:32:35');
INSERT INTO `exam_scores` VALUES (244, 2, 25, 1, '单元测验1', '2025-01-01', 63.80, 46, '解题方法多样，创新性强', '2025-05-27 09:31:51', '2025-05-27 09:32:35');
INSERT INTO `exam_scores` VALUES (245, 2, 26, 1, '单元测验1', '2025-01-01', 80.03, 46, '作业完成质量高，且能够提出创新性的解题思路与方法。', '2025-05-27 09:31:51', '2025-05-27 09:32:35');
INSERT INTO `exam_scores` VALUES (246, 2, 27, 1, '单元测验1', '2025-01-01', 80.02, 46, '学习工具使用创新，如利用虚拟现实技术模拟实验场景。', '2025-05-27 09:31:51', '2025-05-27 09:32:35');
INSERT INTO `exam_scores` VALUES (247, 2, 28, 1, '单元测验1', '2025-01-01', 70.30, 46, '能够主动复习旧知识，巩固所学内容。', '2025-05-27 09:31:51', '2025-05-27 15:31:40');
INSERT INTO `exam_scores` VALUES (248, 2, 29, 1, '单元测验1', '2025-01-01', 90.12, 46, '学习计划性强且富有弹性与灵活性，能够根据学习进度与实际情况灵活调整并确保目标顺利实现，展现高效学习能力。', '2025-05-27 09:31:51', '2025-05-27 09:32:35');
INSERT INTO `exam_scores` VALUES (249, 2, 30, 1, '单元测验1', '2025-01-01', 85.01, 46, '作业创意方案实施性强', '2025-05-27 09:31:51', '2025-05-27 09:32:35');
INSERT INTO `exam_scores` VALUES (250, 2, 31, 1, '单元测验1', '2025-01-01', 44.33, 46, '阅读科普著作时提炼系统思维方法，应用于复杂问题解决。', '2025-05-27 09:31:51', '2025-05-27 09:32:35');
INSERT INTO `exam_scores` VALUES (251, 2, 32, 1, '单元测验1', '2025-01-01', 98.28, 46, '能够主动复习旧知识，巩固所学内容。', '2025-05-27 09:31:51', '2025-05-27 09:32:35');
INSERT INTO `exam_scores` VALUES (252, 2, 33, 1, '单元测验1', '2025-01-01', 72.81, 46, '学习过程中定期进行自我反思，形成书面总结改进计划。', '2025-05-27 09:31:51', '2025-05-27 09:32:35');
INSERT INTO `exam_scores` VALUES (253, 2, 34, 1, '单元测验1', '2025-01-01', 87.20, 46, '学习目标设定合理，既有短期目标又有长期规划。', '2025-05-27 09:31:51', '2025-05-27 09:32:35');
INSERT INTO `exam_scores` VALUES (254, 2, 35, 1, '单元测验1', '2025-01-01', 59.14, 46, '解题方法多样，创新性强', '2025-05-27 09:31:51', '2025-05-27 09:32:35');
INSERT INTO `exam_scores` VALUES (255, 2, 36, 1, '单元测验1', '2025-01-01', 47.08, 46, '学习态度认真严谨且对待学习始终保持高度的责任感与使命感，为梦想而坚持不懈地努力奋斗，追求卓越与成功，并展现出非凡的学习毅力与决心，为未来学习与发展注入强大动力与信心，并不断推动自我超越与发展，实现自我价值与梦想。', '2025-05-27 09:31:51', '2025-05-27 09:32:35');
INSERT INTO `exam_scores` VALUES (256, 2, 37, 1, '单元测验1', '2025-01-01', 98.69, 46, '实验操作中注重团队配合，精准完成分工任务。', '2025-05-27 09:31:51', '2025-05-27 09:32:35');
INSERT INTO `exam_scores` VALUES (257, 2, 38, 1, '单元测验1', '2025-01-01', 66.40, 46, '对于学习中的困难与挑战，能够勇敢面对并积极寻求解决方案，不断提升自我能力与素质，为未来学习与发展打下坚实基础。', '2025-05-27 09:31:51', '2025-05-27 09:32:35');
INSERT INTO `exam_scores` VALUES (258, 2, 39, 1, '单元测验1', '2025-01-01', 53.83, 46, '课堂上能够紧跟老师思路，积极思考并提出疑问。', '2025-05-27 09:31:51', '2025-05-27 09:32:35');
INSERT INTO `exam_scores` VALUES (259, 2, 40, 1, '单元测验1', '2025-01-01', 44.79, 46, '实验操作中注重团队协作默契培养，提升整体实验效率。', '2025-05-27 09:31:51', '2025-05-27 09:32:35');
INSERT INTO `exam_scores` VALUES (260, 2, 41, 1, '单元测验1', '2025-01-01', 82.79, 46, '阅读学术论文时提炼研究框架，尝试设计自主研究课题。', '2025-05-27 09:31:51', '2025-05-27 09:32:35');
INSERT INTO `exam_scores` VALUES (261, 2, 42, 1, '单元测验1', '2025-01-01', 44.68, 46, '学习计划性强，能够合理安排学习时间。', '2025-05-27 09:31:51', '2025-05-27 09:32:35');
INSERT INTO `exam_scores` VALUES (262, 2, 2, 1, '单元测验2', '2025-01-02', 83.23, 46, '知识点运用灵活，举一反三', '2025-05-27 09:32:56', '2025-05-27 09:32:56');
INSERT INTO `exam_scores` VALUES (263, 2, 3, 1, '单元测验2', '2025-01-02', 78.99, 46, '作业中对理论问题结合实际案例分析，增强说服力。', '2025-05-27 09:32:56', '2025-05-27 09:32:56');
INSERT INTO `exam_scores` VALUES (264, 2, 4, 1, '单元测验2', '2025-01-02', 72.72, 46, '能够主动向老师请教问题，学习积极性高。', '2025-05-27 09:32:56', '2025-05-27 09:32:56');
INSERT INTO `exam_scores` VALUES (265, 2, 5, 1, '单元测验2', '2025-01-02', 41.98, 46, '对于知识的理解深刻，能够从不同角度分析问题。', '2025-05-27 09:32:56', '2025-05-27 09:32:56');
INSERT INTO `exam_scores` VALUES (266, 2, 6, 1, '单元测验2', '2025-01-02', 69.68, 46, '对专业领域的热点问题主动开展文献调研，形成独立见解。', '2025-05-27 09:32:56', '2025-05-27 09:32:56');
INSERT INTO `exam_scores` VALUES (267, 2, 7, 1, '单元测验2', '2025-01-02', 64.39, 46, '对专业领域的技术革新主动学习，撰写学习总结报告。', '2025-05-27 09:32:56', '2025-05-27 09:32:56');
INSERT INTO `exam_scores` VALUES (268, 2, 11, 1, '单元测验2', '2025-01-02', 78.42, 46, '对于学习中的困难，能够积极面对并克服。', '2025-05-27 09:32:56', '2025-05-27 09:32:56');
INSERT INTO `exam_scores` VALUES (269, 2, 25, 1, '单元测验2', '2025-01-02', 43.93, 46, '对学科前沿动态保持敏锐关注，主动拓展专业视野。', '2025-05-27 09:32:56', '2025-05-27 09:32:56');
INSERT INTO `exam_scores` VALUES (270, 2, 26, 1, '单元测验2', '2025-01-02', 56.12, 46, '考试成绩稳步提升，后劲十足', '2025-05-27 09:32:56', '2025-05-27 09:32:56');
INSERT INTO `exam_scores` VALUES (271, 2, 27, 1, '单元测验2', '2025-01-02', 62.28, 46, '小组合作中建立学习进度反馈机制，确保任务按计划完成。', '2025-05-27 09:32:56', '2025-05-27 09:32:56');
INSERT INTO `exam_scores` VALUES (272, 2, 28, 1, '单元测验2', '2025-01-02', 70.30, 46, '考试心态稳定，发挥出色', '2025-05-27 09:32:56', '2025-05-27 15:31:40');
INSERT INTO `exam_scores` VALUES (273, 2, 29, 1, '单元测验2', '2025-01-02', 54.96, 46, '对专业领域的热点争议事件进行深度剖析，形成研究报告。', '2025-05-27 09:32:56', '2025-05-27 09:32:56');
INSERT INTO `exam_scores` VALUES (274, 2, 30, 1, '单元测验2', '2025-01-02', 74.07, 46, '能够主动复习旧知识，并尝试与新知识相结合进行拓展学习。', '2025-05-27 09:32:56', '2025-05-27 09:32:56');
INSERT INTO `exam_scores` VALUES (275, 2, 31, 1, '单元测验2', '2025-01-02', 89.36, 46, '实验报告中插入自主绘制的示意图，提升内容可读性。', '2025-05-27 09:32:56', '2025-05-27 09:32:56');
INSERT INTO `exam_scores` VALUES (276, 2, 32, 1, '单元测验2', '2025-01-02', 81.75, 46, '作业中对理论问题结合国际案例分析，展现全球化视野。', '2025-05-27 09:32:56', '2025-05-27 09:32:56');
INSERT INTO `exam_scores` VALUES (277, 2, 33, 1, '单元测验2', '2025-01-02', 82.91, 46, '答题速度快，准确率高', '2025-05-27 09:32:56', '2025-05-27 09:32:56');
INSERT INTO `exam_scores` VALUES (278, 2, 34, 1, '单元测验2', '2025-01-02', 66.21, 46, '作业中对计算结果进行实际意义解读，避免纯数据罗列。', '2025-05-27 09:32:56', '2025-05-27 09:32:56');
INSERT INTO `exam_scores` VALUES (279, 2, 35, 1, '单元测验2', '2025-01-02', 92.72, 46, '学习计划性强且富有弹性，能够根据学习进度与实际情况灵活调整。', '2025-05-27 09:32:56', '2025-05-27 09:32:56');
INSERT INTO `exam_scores` VALUES (280, 2, 36, 1, '单元测验2', '2025-01-02', 65.73, 46, '主动参与学科竞赛培训，在实践中检验知识掌握程度。', '2025-05-27 09:32:56', '2025-05-27 09:32:56');
INSERT INTO `exam_scores` VALUES (281, 2, 37, 1, '单元测验2', '2025-01-02', 93.73, 46, '面对复杂难题能保持耐心，分阶段拆解目标逐步攻克。', '2025-05-27 09:32:56', '2025-05-27 09:32:56');
INSERT INTO `exam_scores` VALUES (282, 2, 38, 1, '单元测验2', '2025-01-02', 69.22, 46, '主动参与学术社团活动，在交流中获取前沿学习资讯。', '2025-05-27 09:32:56', '2025-05-27 09:32:56');
INSERT INTO `exam_scores` VALUES (283, 2, 39, 1, '单元测验2', '2025-01-02', 57.88, 46, '学习方法灵活多变，能够根据不同学科与任务调整策略。', '2025-05-27 09:32:56', '2025-05-27 09:32:56');
INSERT INTO `exam_scores` VALUES (284, 2, 40, 1, '单元测验2', '2025-01-02', 93.96, 46, '考试后制作学习雷达图，直观展示各模块掌握程度。', '2025-05-27 09:32:56', '2025-05-27 09:32:56');
INSERT INTO `exam_scores` VALUES (285, 2, 41, 1, '单元测验2', '2025-01-02', 97.95, 46, '作业中对开放性问题提出可持续发展建议，体现社会责任感。', '2025-05-27 09:32:56', '2025-05-27 09:32:56');
INSERT INTO `exam_scores` VALUES (286, 2, 42, 1, '单元测验2', '2025-01-02', 51.37, 46, '作业书写规范，卷面整洁', '2025-05-27 09:32:56', '2025-05-27 09:32:56');
INSERT INTO `exam_scores` VALUES (287, 2, 2, 1, '单元测验3', '2025-01-03', 42.05, 46, '复习时通过构建概念网络关系图，可视化知识体系结构。', '2025-05-27 09:33:34', '2025-05-27 16:26:09');
INSERT INTO `exam_scores` VALUES (288, 2, 3, 1, '单元测验3', '2025-01-03', 88.75, 46, '知识点教授他人，掌握更牢固', '2025-05-27 09:33:34', '2025-05-27 16:26:09');
INSERT INTO `exam_scores` VALUES (289, 2, 4, 1, '单元测验3', '2025-01-03', 87.58, 46, '考试时能够保持平和的心态，发挥出自己的最佳水平。', '2025-05-27 09:33:34', '2025-05-27 16:26:09');
INSERT INTO `exam_scores` VALUES (290, 2, 5, 1, '单元测验3', '2025-01-03', 51.01, 46, '课堂笔记条理清晰，重点难点一目了然。', '2025-05-27 09:33:34', '2025-05-27 16:26:09');
INSERT INTO `exam_scores` VALUES (291, 2, 6, 1, '单元测验3', '2025-01-03', 48.72, 46, '对于知识的理解深刻全面且能够准确把握知识之间的内在联系与规律，为实践与创新提供有力支撑与保障，并展现出非凡的学习潜力与才华。', '2025-05-27 09:33:34', '2025-05-27 16:26:09');
INSERT INTO `exam_scores` VALUES (292, 2, 7, 1, '单元测验3', '2025-01-03', 41.30, 46, '学习态度端正严谨且对待学习始终保持高度的责任感与使命感，为梦想而努力奋斗。', '2025-05-27 09:33:34', '2025-05-27 16:26:09');
INSERT INTO `exam_scores` VALUES (293, 2, 11, 1, '单元测验3', '2025-01-03', 84.48, 46, '作业完成质量高且能够提出创新性的解题思路与方法，为团队学习带来新思路与启发，并推动学习进步与发展，展现非凡的学习才华与创造力，为团队贡献智慧与力量，并赢得同学们的认可与尊重，为未来学习与发展奠定坚实基础，并展现出广阔的发展前景与空间，为梦想而努力奋斗不息。', '2025-05-27 09:33:34', '2025-05-27 16:26:09');
INSERT INTO `exam_scores` VALUES (294, 2, 25, 1, '单元测验3', '2025-01-03', 55.90, 46, '复习计划针对性强，效果显著', '2025-05-27 09:33:34', '2025-05-27 16:26:09');
INSERT INTO `exam_scores` VALUES (295, 2, 26, 1, '单元测验3', '2025-01-03', 61.07, 46, '对于知识的理解透彻，能够准确把握知识之间的联系。', '2025-05-27 09:33:34', '2025-05-27 16:26:09');
INSERT INTO `exam_scores` VALUES (296, 2, 27, 1, '单元测验3', '2025-01-03', 85.50, 46, '对学习内容进行场景化联想，提升记忆效率与应用灵活性。', '2025-05-27 09:33:34', '2025-05-27 16:26:09');
INSERT INTO `exam_scores` VALUES (297, 2, 28, 1, '单元测验3', '2025-01-03', 70.30, 46, '对新兴技术工具保持学习热情，如利用 AI 辅助文献检索。', '2025-05-27 09:33:34', '2025-05-27 16:26:09');
INSERT INTO `exam_scores` VALUES (298, 2, 29, 1, '单元测验3', '2025-01-03', 45.19, 46, '作业完成质量高且能够提出创新性的解题思路与方法，为团队学习带来新思路与启发，并推动学习进步与发展，展现非凡的学习才华与创造力，为团队贡献智慧与力量，并赢得同学们的认可与尊重，为未来学习与发展奠定坚实基础，并展现出广阔的发展前景与空间，为梦想而努力奋斗不息。', '2025-05-27 09:33:34', '2025-05-27 16:26:09');
INSERT INTO `exam_scores` VALUES (299, 2, 30, 1, '单元测验3', '2025-01-03', 94.75, 46, '笔记内容系统，便于复习', '2025-05-27 09:33:34', '2025-05-27 16:26:09');
INSERT INTO `exam_scores` VALUES (300, 2, 31, 1, '单元测验3', '2025-01-03', 80.10, 46, '学习计划性强，能够合理安排学习与娱乐时间。', '2025-05-27 09:33:34', '2025-05-27 16:26:09');
INSERT INTO `exam_scores` VALUES (301, 2, 32, 1, '单元测验3', '2025-01-03', 65.61, 46, '作业按时完成，且质量较高。', '2025-05-27 09:33:34', '2025-05-27 16:26:09');
INSERT INTO `exam_scores` VALUES (302, 2, 33, 1, '单元测验3', '2025-01-03', 58.82, 46, '课堂上能够积极发言表达自己的独到见解与观点，并与其他同学一起探讨问题、分享经验、共同提升学习水平与能力，展现卓越的沟通表达能力与团队协作精神，为团队学习与发展注入活力与动力，并推动学习进步与发展。', '2025-05-27 09:33:34', '2025-05-27 16:26:09');
INSERT INTO `exam_scores` VALUES (303, 2, 34, 1, '单元测验3', '2025-01-03', 71.16, 46, '实验报告中插入动态演示图，直观呈现实验过程变化。', '2025-05-27 09:33:34', '2025-05-27 16:26:09');
INSERT INTO `exam_scores` VALUES (304, 2, 35, 1, '单元测验3', '2025-01-03', 80.49, 46, '答题要点突出，得分率高', '2025-05-27 09:33:34', '2025-05-27 16:26:09');
INSERT INTO `exam_scores` VALUES (305, 2, 36, 1, '单元测验3', '2025-01-03', 50.61, 46, '作业完成质量高，且能够独立思考。', '2025-05-27 09:33:34', '2025-05-27 16:26:09');
INSERT INTO `exam_scores` VALUES (306, 2, 37, 1, '单元测验3', '2025-01-03', 78.16, 46, '学习态度端正，对待学习一丝不苟。', '2025-05-27 09:33:34', '2025-05-27 16:26:09');
INSERT INTO `exam_scores` VALUES (307, 2, 38, 1, '单元测验3', '2025-01-03', 74.85, 46, '实验操作规范，观察细致', '2025-05-27 09:33:34', '2025-05-27 16:26:09');
INSERT INTO `exam_scores` VALUES (308, 2, 39, 1, '单元测验3', '2025-01-03', 90.59, 46, '对于知识的理解深刻全面且能够准确把握知识之间的内在联系与规律，为实践与创新提供有力支撑与保障。', '2025-05-27 09:33:34', '2025-05-27 16:26:09');
INSERT INTO `exam_scores` VALUES (309, 2, 40, 1, '单元测验3', '2025-01-03', 48.48, 46, '学科兴趣浓厚，钻研精神强', '2025-05-27 09:33:34', '2025-05-27 16:26:09');
INSERT INTO `exam_scores` VALUES (310, 2, 41, 1, '单元测验3', '2025-01-03', 96.86, 46, '考试时能够保持冷静的心态与稳定的发挥水平，确保答题质量与效率并重，并发挥出自己的最佳状态与水平，取得优异成绩与荣誉，展现非凡的学习实力与才华，为未来学习与发展赢得更多机会与资源，并推动自我不断进步与发展。', '2025-05-27 09:33:34', '2025-05-27 16:26:09');
INSERT INTO `exam_scores` VALUES (311, 2, 42, 1, '单元测验3', '2025-01-03', 73.70, 46, '阅读学术论文时分析研究局限性，提出未来研究方向建议。', '2025-05-27 09:33:34', '2025-05-27 16:26:09');
INSERT INTO `exam_scores` VALUES (312, 2, 2, 1, '单元测验4', '2025-01-06', 64.36, 46, '学习计划合理，且能够严格执行。', '2025-05-27 09:33:53', '2025-05-27 09:33:53');
INSERT INTO `exam_scores` VALUES (313, 2, 3, 1, '单元测验4', '2025-01-06', 51.12, 46, '作业完成情况良好且能够认真总结学习中的得与失，为后续学习提供宝贵经验借鉴。', '2025-05-27 09:33:53', '2025-05-27 09:33:53');
INSERT INTO `exam_scores` VALUES (314, 2, 4, 1, '单元测验4', '2025-01-06', 47.81, 46, '小组合作中主动承担资料整合任务，提升团队效率。', '2025-05-27 09:33:53', '2025-05-27 09:33:53');
INSERT INTO `exam_scores` VALUES (315, 2, 5, 1, '单元测验4', '2025-01-06', 97.17, 46, '作业书写规范，卷面干净', '2025-05-27 09:33:53', '2025-05-27 09:33:53');
INSERT INTO `exam_scores` VALUES (316, 2, 6, 1, '单元测验4', '2025-01-06', 42.71, 46, '对于知识的理解深刻，能够从不同角度分析问题。', '2025-05-27 09:33:53', '2025-05-27 09:33:53');
INSERT INTO `exam_scores` VALUES (317, 2, 7, 1, '单元测验4', '2025-01-06', 44.71, 46, '实验变量控制严谨，结论可靠', '2025-05-27 09:33:53', '2025-05-27 09:33:53');
INSERT INTO `exam_scores` VALUES (318, 2, 11, 1, '单元测验4', '2025-01-06', 52.57, 46, '阅读科普文章时提炼核心观点，转化为学习心得体会。', '2025-05-27 09:33:53', '2025-05-27 09:33:53');
INSERT INTO `exam_scores` VALUES (319, 2, 25, 1, '单元测验4', '2025-01-06', 74.11, 46, '考试发挥稳定，成绩优异', '2025-05-27 09:33:53', '2025-05-27 09:33:53');
INSERT INTO `exam_scores` VALUES (320, 2, 26, 1, '单元测验4', '2025-01-06', 76.94, 46, '对专业领域的热点问题主动开展文献调研，形成独立见解。', '2025-05-27 09:33:53', '2025-05-27 09:33:53');
INSERT INTO `exam_scores` VALUES (321, 2, 27, 1, '单元测验4', '2025-01-06', 42.09, 46, '课堂角色扮演投入，理解深刻', '2025-05-27 09:33:53', '2025-05-27 09:33:53');
INSERT INTO `exam_scores` VALUES (322, 2, 28, 1, '单元测验4', '2025-01-06', 70.30, 46, '实验报告撰写中引用最新研究成果，体现学术时效性。', '2025-05-27 09:33:53', '2025-05-27 15:31:40');
INSERT INTO `exam_scores` VALUES (323, 2, 29, 1, '单元测验4', '2025-01-06', 87.93, 46, '解题步骤完整，逻辑性强', '2025-05-27 09:33:53', '2025-05-27 09:33:53');
INSERT INTO `exam_scores` VALUES (324, 2, 30, 1, '单元测验4', '2025-01-06', 66.84, 46, '在小组合作中能够积极协调各方资源并推动团队项目顺利进行，展现领导才能与团队协作精神。', '2025-05-27 09:33:53', '2025-05-27 09:33:53');
INSERT INTO `exam_scores` VALUES (325, 2, 31, 1, '单元测验4', '2025-01-06', 56.77, 46, '作业完成情况良好，且能够认真反思学习过程。', '2025-05-27 09:33:53', '2025-05-27 09:33:53');
INSERT INTO `exam_scores` VALUES (326, 2, 32, 1, '单元测验4', '2025-01-06', 93.51, 46, '利用思维导图软件构建知识体系，动态更新学习框架。', '2025-05-27 09:33:53', '2025-05-27 09:33:53');
INSERT INTO `exam_scores` VALUES (327, 2, 33, 1, '单元测验4', '2025-01-06', 86.41, 46, '学习态度端正，对待学习一丝不苟。', '2025-05-27 09:33:53', '2025-05-27 09:33:53');
INSERT INTO `exam_scores` VALUES (328, 2, 34, 1, '单元测验4', '2025-01-06', 63.47, 46, '学习中善于利用认知偏差原理，设计反直觉学习策略。', '2025-05-27 09:33:53', '2025-05-27 09:33:53');
INSERT INTO `exam_scores` VALUES (329, 2, 35, 1, '单元测验4', '2025-01-06', 56.36, 46, '课堂上能够积极发言，表达自己的观点。', '2025-05-27 09:33:53', '2025-05-27 09:33:53');
INSERT INTO `exam_scores` VALUES (330, 2, 36, 1, '单元测验4', '2025-01-06', 49.05, 46, '对于知识的理解深刻全面，能够准确把握知识之间的内在联系与规律。', '2025-05-27 09:33:53', '2025-05-27 09:33:53');
INSERT INTO `exam_scores` VALUES (331, 2, 37, 1, '单元测验4', '2025-01-06', 69.83, 46, '复习时通过构建知识演化图谱，梳理学科发展脉络。', '2025-05-27 09:33:53', '2025-05-27 09:33:53');
INSERT INTO `exam_scores` VALUES (332, 2, 38, 1, '单元测验4', '2025-01-06', 78.58, 46, '复习计划结合学科特点分模块突破，提升针对性。', '2025-05-27 09:33:53', '2025-05-27 09:33:53');
INSERT INTO `exam_scores` VALUES (333, 2, 39, 1, '单元测验4', '2025-01-06', 59.79, 46, '学习态度认真，对待每一次作业都全力以赴。', '2025-05-27 09:33:53', '2025-05-27 09:33:53');
INSERT INTO `exam_scores` VALUES (334, 2, 40, 1, '单元测验4', '2025-01-06', 98.86, 46, '对新知识充满探索欲，常通过网络课程延伸学习深度。', '2025-05-27 09:33:54', '2025-05-27 09:33:54');
INSERT INTO `exam_scores` VALUES (335, 2, 41, 1, '单元测验4', '2025-01-06', 52.67, 46, '答题术语专业，表述精准', '2025-05-27 09:33:54', '2025-05-27 09:33:54');
INSERT INTO `exam_scores` VALUES (336, 2, 42, 1, '单元测验4', '2025-01-06', 58.58, 46, '学科兴趣浓厚，钻研精神强', '2025-05-27 09:33:54', '2025-05-27 09:33:54');
INSERT INTO `exam_scores` VALUES (337, 1, 1, 1, '周测1', '2020-12-10', 64.80, 46, '阅读专业书籍时制作知识图谱，可视化呈现核心要点。', '2025-05-27 09:37:01', '2025-05-27 16:27:00');
INSERT INTO `exam_scores` VALUES (338, 1, 8, 1, '周测1', '2020-12-10', 65.48, 46, '在小组合作中，能够积极发挥自己的作用。', '2025-05-27 09:37:01', '2025-05-27 16:27:00');
INSERT INTO `exam_scores` VALUES (339, 1, 9, 1, '周测1', '2020-12-10', 79.36, 46, '复习时通过模拟命题人思维，预测考试重点难点。', '2025-05-27 09:37:01', '2025-05-27 16:27:00');
INSERT INTO `exam_scores` VALUES (340, 1, 10, 1, '周测1', '2020-12-10', 72.96, 46, '复习计划中设置知识创新环节，鼓励自主探究与发现。', '2025-05-27 09:37:01', '2025-05-27 16:27:00');
INSERT INTO `exam_scores` VALUES (341, 1, 12, 1, '周测1', '2020-12-10', 52.27, 46, '对于知识的理解深刻，能够灵活运用。', '2025-05-27 09:37:01', '2025-05-27 16:27:00');
INSERT INTO `exam_scores` VALUES (342, 1, 13, 1, '周测1', '2020-12-10', 73.12, 46, '解题时善于运用逆向思维，从结论反推条件开拓思路。', '2025-05-27 09:37:01', '2025-05-27 16:27:00');
INSERT INTO `exam_scores` VALUES (343, 1, 14, 1, '周测1', '2020-12-10', 86.23, 46, '作业完成质量高，且能够独立思考。', '2025-05-27 09:37:01', '2025-05-27 16:27:00');
INSERT INTO `exam_scores` VALUES (344, 1, 15, 1, '周测1', '2020-12-10', 98.49, 46, '作业完成质量高且能够提出创新性的解题思路与方法，为团队学习带来新思路与启发，并推动学习进步与发展，展现非凡的学习才华与创造力，为团队贡献智慧与力量，并赢得同学们的认可与尊重，为未来学习与发展奠定坚实基础，并展现出广阔的发展前景与空间，为梦想而努力奋斗不息。', '2025-05-27 09:37:01', '2025-05-27 16:27:00');
INSERT INTO `exam_scores` VALUES (345, 1, 16, 1, '周测1', '2020-12-10', 68.61, 46, '对跨学科知识进行创新性融合，尝试解决行业实际问题。', '2025-05-27 09:37:01', '2025-05-27 16:27:00');
INSERT INTO `exam_scores` VALUES (346, 1, 17, 1, '周测1', '2020-12-10', 51.63, 46, '在小组合作中，能够积极分享自己的学习心得。', '2025-05-27 09:37:01', '2025-05-27 16:27:00');
INSERT INTO `exam_scores` VALUES (347, 1, 18, 1, '周测1', '2020-12-10', 40.69, 46, '课堂上能够积极回答问题，思维敏捷。', '2025-05-27 09:37:01', '2025-05-27 16:27:00');
INSERT INTO `exam_scores` VALUES (348, 1, 19, 1, '周测1', '2020-12-10', 51.52, 46, '学习榜样带动作用明显', '2025-05-27 09:37:01', '2025-05-27 16:27:00');
INSERT INTO `exam_scores` VALUES (349, 1, 20, 1, '周测1', '2020-12-10', 54.23, 46, '作业书写规范，卷面干净', '2025-05-27 09:37:01', '2025-05-27 16:27:00');
INSERT INTO `exam_scores` VALUES (350, 1, 21, 1, '周测1', '2020-12-10', 99.90, 46, '学习计划性强，能够合理安排学习与娱乐时间。', '2025-05-27 09:37:01', '2025-05-25 06:56:23');
INSERT INTO `exam_scores` VALUES (351, 1, 22, 1, '周测1', '2020-12-10', 47.38, 46, '考试策略得当，时间分配合理', '2025-05-27 09:37:01', '2025-05-27 16:27:00');
INSERT INTO `exam_scores` VALUES (352, 1, 23, 1, '周测1', '2020-12-10', 54.28, 46, '学习成果展示自信，台风稳健', '2025-05-27 09:37:01', '2025-05-27 16:27:00');
INSERT INTO `exam_scores` VALUES (353, 1, 24, 1, '周测1', '2020-12-10', 86.42, 46, '复习计划中设置机动时间，应对学习过程中的突发情况。', '2025-05-27 09:37:01', '2025-05-27 16:27:00');
INSERT INTO `exam_scores` VALUES (354, 1, 1, 1, '周测2', '2021-01-04', 64.80, 46, '对跨学科学习项目积极参与，提升综合解决问题能力。', '2025-05-27 09:37:35', '2025-05-27 15:31:40');
INSERT INTO `exam_scores` VALUES (355, 1, 8, 1, '周测2', '2021-01-04', 61.60, 46, '作业中对理论问题进行实证分析，增强论证力度。', '2025-05-27 09:37:35', '2025-05-27 09:37:35');
INSERT INTO `exam_scores` VALUES (356, 1, 9, 1, '周测2', '2021-01-04', 81.63, 46, '学习目标清晰，行动力强', '2025-05-27 09:37:35', '2025-05-27 09:37:35');
INSERT INTO `exam_scores` VALUES (357, 1, 10, 1, '周测2', '2021-01-04', 58.68, 46, '小组合作中定期召开进度会议，及时调整学习策略。', '2025-05-27 09:37:35', '2025-05-27 09:37:35');
INSERT INTO `exam_scores` VALUES (358, 1, 12, 1, '周测2', '2021-01-04', 86.67, 46, '小组合作中发挥资源整合能力，搭建多渠道学习支持体系。', '2025-05-27 09:37:35', '2025-05-27 09:37:35');
INSERT INTO `exam_scores` VALUES (359, 1, 13, 1, '周测2', '2021-01-04', 89.93, 46, '考试后制作学习改进路线图，明确阶段性提升目标。', '2025-05-27 09:37:35', '2025-05-27 09:37:35');
INSERT INTO `exam_scores` VALUES (360, 1, 14, 1, '周测2', '2021-01-04', 42.72, 46, '小组合作中主动承担资料整合任务，提升团队效率。', '2025-05-27 09:37:35', '2025-05-27 09:37:35');
INSERT INTO `exam_scores` VALUES (361, 1, 15, 1, '周测2', '2021-01-04', 70.75, 46, '成绩进步显著，值得表扬', '2025-05-27 09:37:35', '2025-05-27 09:37:35');
INSERT INTO `exam_scores` VALUES (362, 1, 16, 1, '周测2', '2021-01-04', 82.36, 46, '能够主动复习旧知识并尝试与新知识相结合进行拓展学习，深化对知识的理解与应用能力，提升综合素质与竞争力，为未来学习与发展做好充分准备，并展现出非凡的学习潜力与成长空间，为梦想而努力奋斗不息，并不断推动自我进步与发展。', '2025-05-27 09:37:35', '2025-05-27 09:37:35');
INSERT INTO `exam_scores` VALUES (363, 1, 17, 1, '周测2', '2021-01-04', 57.68, 46, '答题速度快，准确率高', '2025-05-27 09:37:35', '2025-05-27 09:37:35');
INSERT INTO `exam_scores` VALUES (364, 1, 18, 1, '周测2', '2021-01-04', 68.49, 46, '作业按时完成，且质量较高。', '2025-05-27 09:37:35', '2025-05-27 09:37:35');
INSERT INTO `exam_scores` VALUES (365, 1, 19, 1, '周测2', '2021-01-04', 68.21, 46, '对专业领域的前沿技术主动开展调研，撰写学习简报。', '2025-05-27 09:37:35', '2025-05-27 09:37:35');
INSERT INTO `exam_scores` VALUES (366, 1, 20, 1, '周测2', '2021-01-04', 94.63, 46, '学习计划性强且富有弹性与灵活性，能够根据学习进度与实际情况灵活调整并确保目标顺利实现，展现高效学习能力。', '2025-05-27 09:37:35', '2025-05-27 09:37:35');
INSERT INTO `exam_scores` VALUES (367, 1, 21, 1, '周测2', '2021-01-04', 99.90, 46, '善于合作，小组讨论贡献大', '2025-05-27 09:37:35', '2025-05-25 06:56:23');
INSERT INTO `exam_scores` VALUES (368, 1, 22, 1, '周测2', '2021-01-04', 79.13, 46, '学习目标明确，且能够为实现目标付出不懈的努力。', '2025-05-27 09:37:35', '2025-05-27 09:37:35');
INSERT INTO `exam_scores` VALUES (369, 1, 23, 1, '周测2', '2021-01-04', 81.95, 46, '课堂表现积极，参与感强', '2025-05-27 09:37:35', '2025-05-27 09:37:35');
INSERT INTO `exam_scores` VALUES (370, 1, 24, 1, '周测2', '2021-01-04', 94.16, 46, '考试后针对错题进行同类题型拓展训练，强化解题能力。', '2025-05-27 09:37:35', '2025-05-27 09:37:35');
INSERT INTO `exam_scores` VALUES (371, 1, 1, 1, '周测3', '2022-01-04', 64.80, 46, '学习成果展示自信，台风稳健', '2025-05-27 09:38:01', '2025-05-27 15:31:40');
INSERT INTO `exam_scores` VALUES (372, 1, 8, 1, '周测3', '2022-01-04', 58.87, 46, '课堂上能够认真听讲，并积极参与课堂讨论与交流。', '2025-05-27 09:38:01', '2025-05-27 09:38:01');
INSERT INTO `exam_scores` VALUES (373, 1, 9, 1, '周测3', '2022-01-04', 83.35, 46, '新课预习充分，课堂吸收率高', '2025-05-27 09:38:01', '2025-05-27 09:38:01');
INSERT INTO `exam_scores` VALUES (374, 1, 10, 1, '周测3', '2022-01-04', 80.62, 46, '学习榜样带动作用明显', '2025-05-27 09:38:01', '2025-05-27 09:38:01');
INSERT INTO `exam_scores` VALUES (375, 1, 12, 1, '周测3', '2022-01-04', 96.56, 46, '课堂上能够认真听讲并积极参与课堂互动与交流讨论，展现学习热情与主动性，并激发其他同学的学习兴趣与动力，共同营造良好的学习氛围与环境，推动学习进步与发展，为团队学习与发展注入活力与动力，并展现出卓越的学习才华与创造力，为未来学习与发展赢得更多机会与资源。', '2025-05-27 09:38:01', '2025-05-27 09:38:01');
INSERT INTO `exam_scores` VALUES (376, 1, 13, 1, '周测3', '2022-01-04', 86.69, 46, '课堂上能够积极回答问题，思维敏捷。', '2025-05-27 09:38:01', '2025-05-27 09:38:01');
INSERT INTO `exam_scores` VALUES (377, 1, 14, 1, '周测3', '2022-01-04', 52.23, 46, '学习目标明确，动力十足', '2025-05-27 09:38:01', '2025-05-27 09:38:01');
INSERT INTO `exam_scores` VALUES (378, 1, 15, 1, '周测3', '2022-01-04', 49.71, 46, '小组合作中营造良性竞争氛围，激发成员学习积极性。', '2025-05-27 09:38:01', '2025-05-27 09:38:01');
INSERT INTO `exam_scores` VALUES (379, 1, 16, 1, '周测3', '2022-01-04', 75.95, 46, '能够主动预习新课，并尝试提出有深度的问题。', '2025-05-27 09:38:01', '2025-05-27 09:38:01');
INSERT INTO `exam_scores` VALUES (380, 1, 17, 1, '周测3', '2022-01-04', 52.77, 46, '对专业领域的热点争议事件进行深度剖析，形成研究报告。', '2025-05-27 09:38:01', '2025-05-27 09:38:01');
INSERT INTO `exam_scores` VALUES (381, 1, 18, 1, '周测3', '2022-01-04', 74.60, 46, '能够主动复习旧知识，并尝试与新知识相结合。', '2025-05-27 09:38:01', '2025-05-27 09:38:01');
INSERT INTO `exam_scores` VALUES (382, 1, 19, 1, '周测3', '2022-01-04', 47.32, 46, '小组合作中建立学习资源共享云盘，实时更新资料动态。', '2025-05-27 09:38:01', '2025-05-27 09:38:01');
INSERT INTO `exam_scores` VALUES (383, 1, 20, 1, '周测3', '2022-01-04', 43.60, 46, '学习反思中记录成功经验，形成可复用的学习模式。', '2025-05-27 09:38:01', '2025-05-27 09:38:01');
INSERT INTO `exam_scores` VALUES (384, 1, 21, 1, '周测3', '2022-01-04', 99.90, 46, '阅读科普著作时提炼科学研究方法论，应用于学习实践。', '2025-05-27 09:38:01', '2025-05-25 06:56:23');
INSERT INTO `exam_scores` VALUES (385, 1, 22, 1, '周测3', '2022-01-04', 66.34, 46, '小组合作中鼓励创新思维表达，营造包容学习环境。', '2025-05-27 09:38:01', '2025-05-27 09:38:01');
INSERT INTO `exam_scores` VALUES (386, 1, 23, 1, '周测3', '2022-01-04', 60.62, 46, '作业完成情况良好且能够认真对待每一次作业的批改意见与反馈建议。', '2025-05-27 09:38:01', '2025-05-27 09:38:01');
INSERT INTO `exam_scores` VALUES (387, 1, 24, 1, '周测3', '2022-01-04', 51.49, 46, '考试后制作学习能力成长曲线，直观展示提升轨迹。', '2025-05-27 09:38:01', '2025-05-27 09:38:01');
INSERT INTO `exam_scores` VALUES (388, 1, 1, 1, '周测7', '2023-01-04', 64.80, 46, '实验报告撰写规范，数据分析准确', '2025-05-27 09:38:32', '2025-05-27 15:31:40');
INSERT INTO `exam_scores` VALUES (389, 1, 8, 1, '周测7', '2023-01-04', 65.32, 46, '学习方法灵活多样，能够根据实际情况调整。', '2025-05-27 09:38:32', '2025-05-27 09:38:32');
INSERT INTO `exam_scores` VALUES (390, 1, 9, 1, '周测7', '2023-01-04', 53.08, 46, '对专业领域的政策法规主动学习，确保研究符合规范要求。', '2025-05-27 09:38:32', '2025-05-27 09:38:32');
INSERT INTO `exam_scores` VALUES (391, 1, 10, 1, '周测7', '2023-01-04', 95.72, 46, '作业完成情况一直很好，从不拖沓。', '2025-05-27 09:38:32', '2025-05-27 09:38:32');
INSERT INTO `exam_scores` VALUES (392, 1, 12, 1, '周测7', '2023-01-04', 86.50, 46, '学习方法灵活多样，能够根据实际情况调整。', '2025-05-27 09:38:32', '2025-05-27 09:38:32');
INSERT INTO `exam_scores` VALUES (393, 1, 13, 1, '周测7', '2023-01-04', 89.32, 46, '考试应急预案周全，应对沉着', '2025-05-27 09:38:32', '2025-05-27 09:38:32');
INSERT INTO `exam_scores` VALUES (394, 1, 14, 1, '周测7', '2023-01-04', 68.59, 46, '利用思维导图软件构建知识体系，动态更新学习框架。', '2025-05-27 09:38:32', '2025-05-27 09:38:32');
INSERT INTO `exam_scores` VALUES (395, 1, 15, 1, '周测7', '2023-01-04', 75.33, 46, '作业完成质量高，错误率低。', '2025-05-27 09:38:32', '2025-05-27 09:38:32');
INSERT INTO `exam_scores` VALUES (396, 1, 16, 1, '周测7', '2023-01-04', 99.49, 46, '学习态度认真，对待学习充满热情。', '2025-05-27 09:38:32', '2025-05-27 09:38:32');
INSERT INTO `exam_scores` VALUES (397, 1, 17, 1, '周测7', '2023-01-04', 77.98, 46, '对于学习中的问题，能够主动思考并解决。', '2025-05-27 09:38:32', '2025-05-27 09:38:32');
INSERT INTO `exam_scores` VALUES (398, 1, 18, 1, '周测7', '2023-01-04', 57.80, 46, '学习计划性强，能够合理安排学习与休息时间。', '2025-05-27 09:38:32', '2025-05-27 09:38:32');
INSERT INTO `exam_scores` VALUES (399, 1, 19, 1, '周测7', '2023-01-04', 95.85, 46, '作业完成效率高，无拖延', '2025-05-27 09:38:32', '2025-05-27 09:38:32');
INSERT INTO `exam_scores` VALUES (400, 1, 20, 1, '周测7', '2023-01-04', 41.42, 46, '学习反思中总结高效学习时段，合理安排重点任务。', '2025-05-27 09:38:32', '2025-05-27 09:38:32');
INSERT INTO `exam_scores` VALUES (401, 1, 21, 1, '周测7', '2023-01-04', 99.90, 46, '对于难题，能够坚持不懈地钻研。', '2025-05-27 09:38:32', '2025-05-25 06:56:23');
INSERT INTO `exam_scores` VALUES (402, 1, 22, 1, '周测7', '2023-01-04', 71.89, 46, '对于知识的理解深刻全面且能够准确把握知识之间的内在联系与规律，为实践与创新提供有力支撑与保障，并展现出非凡的学习潜力与才华，为未来学习与发展注入强大动力与信心，并不断推动自我创新与发展，实现自我价值与梦想，为未来学习与发展赢得更多机会与资源。', '2025-05-27 09:38:32', '2025-05-27 09:38:32');
INSERT INTO `exam_scores` VALUES (403, 1, 23, 1, '周测7', '2023-01-04', 84.38, 46, '成绩保持前列，表现突出', '2025-05-27 09:38:32', '2025-05-27 09:38:32');
INSERT INTO `exam_scores` VALUES (404, 1, 24, 1, '周测7', '2023-01-04', 76.45, 46, '对跨年级知识衔接主动查漏补缺，夯实学习基础。', '2025-05-27 09:38:32', '2025-05-27 09:38:32');

-- ----------------------------
-- Table structure for powers
-- ----------------------------
DROP TABLE IF EXISTS `powers`;
CREATE TABLE `powers`  (
                           `power_id` int NOT NULL AUTO_INCREMENT COMMENT '权限id',
                           `power_name` varchar(255) CHARACTER SET utf8mb4 COLLATE utf8mb4_0900_ai_ci NULL DEFAULT NULL COMMENT '中文名',
                           PRIMARY KEY (`power_id`) USING BTREE
) ENGINE = InnoDB AUTO_INCREMENT = 33 CHARACTER SET = utf8mb4 COLLATE = utf8mb4_0900_ai_ci COMMENT = '权限的名字' ROW_FORMAT = DYNAMIC;

-- ----------------------------
-- Records of powers
-- ----------------------------
INSERT INTO `powers` VALUES (1, '学生端进入');
INSERT INTO `powers` VALUES (2, '教师端进入');
INSERT INTO `powers` VALUES (3, '管理员端进入');
INSERT INTO `powers` VALUES (4, '增加角色');
INSERT INTO `powers` VALUES (5, '查看所有用户信息');
INSERT INTO `powers` VALUES (6, '修改用户基础信息');
INSERT INTO `powers` VALUES (7, '修改用户角色');
INSERT INTO `powers` VALUES (8, '删除用户');
INSERT INTO `powers` VALUES (9, '增加角色');
INSERT INTO `powers` VALUES (10, '查看所有角色信息');
INSERT INTO `powers` VALUES (11, '更新角色信息');
INSERT INTO `powers` VALUES (12, '删除角色');
INSERT INTO `powers` VALUES (13, '查看所有权限列表');
INSERT INTO `powers` VALUES (14, '增加学科');
INSERT INTO `powers` VALUES (15, '查看所有学科');
INSERT INTO `powers` VALUES (16, '修改学科');
INSERT INTO `powers` VALUES (17, '删除学科');
INSERT INTO `powers` VALUES (18, '增加班级');
INSERT INTO `powers` VALUES (19, '查看班级信息');
INSERT INTO `powers` VALUES (20, '获取所有的教师');
INSERT INTO `powers` VALUES (21, '修改班级人员');
INSERT INTO `powers` VALUES (22, '删除班级');
INSERT INTO `powers` VALUES (23, '查看教师信息');
INSERT INTO `powers` VALUES (24, '查看教师班级');
INSERT INTO `powers` VALUES (25, '查看班级学生');
INSERT INTO `powers` VALUES (26, '提交学生成绩');
INSERT INTO `powers` VALUES (27, '更新学生成绩');
INSERT INTO `powers` VALUES (28, '查看班级成绩');
INSERT INTO `powers` VALUES (29, '查看其他科目成绩');
INSERT INTO `powers` VALUES (30, '添加学生');
INSERT INTO `powers` VALUES (31, '删除学生');
INSERT INTO `powers` VALUES (32, '删除学生成绩');

-- ----------------------------
-- Table structure for role_power
-- ----------------------------
DROP TABLE IF EXISTS `role_power`;
CREATE TABLE `role_power`  (
                               `role_id` int NULL DEFAULT NULL COMMENT '角色id',
                               `power_id` int NULL DEFAULT NULL COMMENT '权限id'
) ENGINE = InnoDB CHARACTER SET = utf8mb4 COLLATE = utf8mb4_0900_ai_ci COMMENT = '每个角色能做什么，一般来说给一个用户，返回一个权限集合吧' ROW_FORMAT = DYNAMIC;

-- ----------------------------
-- Records of role_power
-- ----------------------------
INSERT INTO `role_power` VALUES (3, 1);
INSERT INTO `role_power` VALUES (3, 2);
INSERT INTO `role_power` VALUES (3, 3);
INSERT INTO `role_power` VALUES (3, 4);
INSERT INTO `role_power` VALUES (3, 5);
INSERT INTO `role_power` VALUES (3, 6);
INSERT INTO `role_power` VALUES (3, 7);
INSERT INTO `role_power` VALUES (3, 8);
INSERT INTO `role_power` VALUES (3, 9);
INSERT INTO `role_power` VALUES (3, 10);
INSERT INTO `role_power` VALUES (3, 11);
INSERT INTO `role_power` VALUES (3, 12);
INSERT INTO `role_power` VALUES (3, 13);
INSERT INTO `role_power` VALUES (3, 14);
INSERT INTO `role_power` VALUES (3, 15);
INSERT INTO `role_power` VALUES (3, 16);
INSERT INTO `role_power` VALUES (3, 17);
INSERT INTO `role_power` VALUES (3, 18);
INSERT INTO `role_power` VALUES (3, 19);
INSERT INTO `role_power` VALUES (3, 20);
INSERT INTO `role_power` VALUES (3, 21);
INSERT INTO `role_power` VALUES (3, 22);
INSERT INTO `role_power` VALUES (3, 23);
INSERT INTO `role_power` VALUES (3, 24);
INSERT INTO `role_power` VALUES (3, 25);
INSERT INTO `role_power` VALUES (3, 26);
INSERT INTO `role_power` VALUES (3, 27);
INSERT INTO `role_power` VALUES (3, 28);
INSERT INTO `role_power` VALUES (3, 29);
INSERT INTO `role_power` VALUES (3, 30);
INSERT INTO `role_power` VALUES (3, 31);
INSERT INTO `role_power` VALUES (3, 32);
INSERT INTO `role_power` VALUES (1, 1);
INSERT INTO `role_power` VALUES (1, 2);
INSERT INTO `role_power` VALUES (1, 3);
INSERT INTO `role_power` VALUES (1, 5);
INSERT INTO `role_power` VALUES (1, 10);
INSERT INTO `role_power` VALUES (1, 13);
INSERT INTO `role_power` VALUES (1, 15);
INSERT INTO `role_power` VALUES (1, 19);
INSERT INTO `role_power` VALUES (1, 20);
INSERT INTO `role_power` VALUES (1, 23);
INSERT INTO `role_power` VALUES (1, 24);
INSERT INTO `role_power` VALUES (1, 25);
INSERT INTO `role_power` VALUES (1, 28);
INSERT INTO `role_power` VALUES (1, 29);
INSERT INTO `role_power` VALUES (2, 1);
INSERT INTO `role_power` VALUES (2, 2);
INSERT INTO `role_power` VALUES (2, 3);
INSERT INTO `role_power` VALUES (2, 5);
INSERT INTO `role_power` VALUES (2, 10);
INSERT INTO `role_power` VALUES (2, 13);
INSERT INTO `role_power` VALUES (2, 14);
INSERT INTO `role_power` VALUES (2, 15);
INSERT INTO `role_power` VALUES (2, 16);
INSERT INTO `role_power` VALUES (2, 17);
INSERT INTO `role_power` VALUES (2, 18);
INSERT INTO `role_power` VALUES (2, 19);
INSERT INTO `role_power` VALUES (2, 20);
INSERT INTO `role_power` VALUES (2, 21);
INSERT INTO `role_power` VALUES (2, 22);
INSERT INTO `role_power` VALUES (2, 23);
INSERT INTO `role_power` VALUES (2, 24);
INSERT INTO `role_power` VALUES (2, 25);
INSERT INTO `role_power` VALUES (2, 26);
INSERT INTO `role_power` VALUES (2, 27);
INSERT INTO `role_power` VALUES (2, 28);
INSERT INTO `role_power` VALUES (2, 29);
INSERT INTO `role_power` VALUES (2, 30);
INSERT INTO `role_power` VALUES (2, 31);
INSERT INTO `role_power` VALUES (2, 32);

-- ----------------------------
-- Table structure for role_user
-- ----------------------------
DROP TABLE IF EXISTS `role_user`;
CREATE TABLE `role_user`  (
                              `user_id` int NULL DEFAULT NULL COMMENT '用户id',
                              `role_id` int NULL DEFAULT NULL COMMENT '角色id'
) ENGINE = InnoDB CHARACTER SET = utf8mb4 COLLATE = utf8mb4_0900_ai_ci COMMENT = '用户和角色的对应表，一个用户可以有多个角色' ROW_FORMAT = DYNAMIC;

-- ----------------------------
-- Records of role_user
-- ----------------------------
INSERT INTO `role_user` VALUES (1, 1);
INSERT INTO `role_user` VALUES (1, 2);
INSERT INTO `role_user` VALUES (1, 3);
INSERT INTO `role_user` VALUES (44, 2);
INSERT INTO `role_user` VALUES (45, 2);
INSERT INTO `role_user` VALUES (46, 2);
INSERT INTO `role_user` VALUES (2, 1);
INSERT INTO `role_user` VALUES (3, 1);
INSERT INTO `role_user` VALUES (4, 1);
INSERT INTO `role_user` VALUES (5, 1);
INSERT INTO `role_user` VALUES (6, 1);
INSERT INTO `role_user` VALUES (7, 1);
INSERT INTO `role_user` VALUES (8, 1);
INSERT INTO `role_user` VALUES (9, 1);
INSERT INTO `role_user` VALUES (10, 1);
INSERT INTO `role_user` VALUES (11, 1);
INSERT INTO `role_user` VALUES (12, 1);
INSERT INTO `role_user` VALUES (13, 1);
INSERT INTO `role_user` VALUES (14, 1);
INSERT INTO `role_user` VALUES (15, 1);
INSERT INTO `role_user` VALUES (16, 1);
INSERT INTO `role_user` VALUES (17, 1);
INSERT INTO `role_user` VALUES (18, 1);
INSERT INTO `role_user` VALUES (19, 1);
INSERT INTO `role_user` VALUES (20, 1);
INSERT INTO `role_user` VALUES (21, 1);
INSERT INTO `role_user` VALUES (22, 1);
INSERT INTO `role_user` VALUES (23, 1);
INSERT INTO `role_user` VALUES (24, 1);
INSERT INTO `role_user` VALUES (25, 1);
INSERT INTO `role_user` VALUES (26, 1);
INSERT INTO `role_user` VALUES (27, 1);
INSERT INTO `role_user` VALUES (28, 1);
INSERT INTO `role_user` VALUES (29, 1);
INSERT INTO `role_user` VALUES (30, 1);
INSERT INTO `role_user` VALUES (31, 1);
INSERT INTO `role_user` VALUES (32, 1);
INSERT INTO `role_user` VALUES (33, 1);
INSERT INTO `role_user` VALUES (34, 1);
INSERT INTO `role_user` VALUES (35, 1);
INSERT INTO `role_user` VALUES (36, 1);
INSERT INTO `role_user` VALUES (37, 1);
INSERT INTO `role_user` VALUES (38, 1);
INSERT INTO `role_user` VALUES (39, 1);
INSERT INTO `role_user` VALUES (40, 1);
INSERT INTO `role_user` VALUES (41, 1);
INSERT INTO `role_user` VALUES (42, 1);
INSERT INTO `role_user` VALUES (43, 1);
INSERT INTO `role_user` VALUES (47, 4);

-- ----------------------------
-- Table structure for roles
-- ----------------------------
DROP TABLE IF EXISTS `roles`;
CREATE TABLE `roles`  (
                          `role_id` bigint NOT NULL AUTO_INCREMENT COMMENT '角色id',
                          `role_name` varchar(255) CHARACTER SET utf8mb4 COLLATE utf8mb4_0900_ai_ci NULL DEFAULT NULL COMMENT '中文名',
                          PRIMARY KEY (`role_id`) USING BTREE
) ENGINE = InnoDB AUTO_INCREMENT = 6 CHARACTER SET = utf8mb4 COLLATE = utf8mb4_0900_ai_ci COMMENT = '角色的名字，以免忘记' ROW_FORMAT = DYNAMIC;

-- ----------------------------
-- Records of roles
-- ----------------------------
INSERT INTO `roles` VALUES (1, '学生');
INSERT INTO `roles` VALUES (2, '教师');
INSERT INTO `roles` VALUES (3, '管理员');
INSERT INTO `roles` VALUES (4, '首页处注册用户');
INSERT INTO `roles` VALUES (5, '管理员新增用户');

-- ----------------------------
-- Table structure for schedule_event
-- ----------------------------
DROP TABLE IF EXISTS `schedule_event`;
CREATE TABLE `schedule_event`  (
                                   `event_id` bigint NOT NULL AUTO_INCREMENT COMMENT '自增ID',
                                   `belong_user` bigint NOT NULL COMMENT '事件归属用户',
                                   `event_name` varchar(255) CHARACTER SET utf8mb4 COLLATE utf8mb4_0900_ai_ci NOT NULL COMMENT '事件名',
                                   `event_describe` text CHARACTER SET utf8mb4 COLLATE utf8mb4_0900_ai_ci NULL COMMENT '事件描述',
                                   `repeat_type` enum('none','daily','weekly','monthly_date','monthly_week','yearly','custom') CHARACTER SET utf8mb4 COLLATE utf8mb4_0900_ai_ci NOT NULL DEFAULT 'none' COMMENT '重复类型',
                                   `repeat_config` json NOT NULL COMMENT '重复规则配置（JSON格式）',
                                   `start_date` date NOT NULL COMMENT '首次触发日期',
                                   `next_trigger_date` date NULL DEFAULT NULL COMMENT '下次触发日期',
                                   `end_type` enum('never','after_occurrences','on_date') CHARACTER SET utf8mb4 COLLATE utf8mb4_0900_ai_ci NOT NULL DEFAULT 'never' COMMENT '结束类型',
                                   `end_value` varchar(20) CHARACTER SET utf8mb4 COLLATE utf8mb4_0900_ai_ci NULL DEFAULT NULL COMMENT '结束值（次数或日期）',
                                   `state` enum('active','completed','cancelled','deleted') CHARACTER SET utf8mb4 COLLATE utf8mb4_0900_ai_ci NOT NULL DEFAULT 'active' COMMENT '事件状态',
                                   `occurrence_count` int NOT NULL DEFAULT 0 COMMENT '已发生次数',
                                   `degree_of_importance` int NOT NULL DEFAULT 4 COMMENT '1：高优先级，2：中，3：低，4：无',
                                   `img_url` varchar(2000) CHARACTER SET utf8mb4 COLLATE utf8mb4_0900_ai_ci NULL DEFAULT NULL COMMENT '事件图片',
                                   PRIMARY KEY (`event_id`) USING BTREE
) ENGINE = InnoDB AUTO_INCREMENT = 146 CHARACTER SET = utf8mb4 COLLATE = utf8mb4_0900_ai_ci ROW_FORMAT = Dynamic;

-- ----------------------------
-- Records of schedule_event
-- ----------------------------
INSERT INTO `schedule_event` VALUES (1, 1, '散步', '饭后走一走，活到二百九。从这里步行到欧洲，人不行别怪路不平。', 'monthly_week', '{\"day\": 1, \"week\": 3}', '2025-06-04', '2025-07-21', 'after_occurrences', '2', 'completed', 0, 1, 'https://thirdwx.qlogo.cn/mmopen/vi_32/hQoOP719jarWIicoBGJoqLkju7oicBOtuZempcjbzQXibqnIWWF1BnTHfiaQujUHTSR4ocWz66c9CqcRl7ic8BbAg9Vt6j0TBIfyQib39ibCnKtxvQ/132');
INSERT INTO `schedule_event` VALUES (2, 1, '跑步', '背着房子绕着赣州跑三圈。念念不忘必有回响，努力才有回报。加油！！！', 'monthly_week', '{\"day\": 3, \"week\": 2}', '2025-05-27', '2025-06-11', 'after_occurrences', '70', 'completed', 0, 4, 'https://thirdwx.qlogo.cn/mmopen/vi_32/hQoOP719jarWIicoBGJoqLkju7oicBOtuZempcjbzQXibqnIWWF1BnTHfiaQujUHTSR4ocWz66c9CqcRl7ic8BbAg9Vt6j0TBIfyQib39ibCnKtxvQ/132');
INSERT INTO `schedule_event` VALUES (3, 1, '跳舞', '闭眼，必须闭眼。旋转跳跃，不要睁眼！！', 'weekly', '{\"days\": []}', '2025-06-05', NULL, 'after_occurrences', '25', 'completed', 0, 1, '');
INSERT INTO `schedule_event` VALUES (4, 1, '唱歌', '你在干什么，唱歌？！ 哇塞。你的童年我的童年好像都一样🎵', 'monthly_date', '{\"day\": 3}', '2025-08-03', '2025-09-03', 'never', NULL, 'completed', 0, 1, '');
INSERT INTO `schedule_event` VALUES (5, 1, '跳绳', '一个两个三个，累死了。', 'monthly_date', '{\"day\": 1}', '2025-06-05', '2025-07-01', 'on_date', '2029-09-05', 'completed', 0, 4, '');
INSERT INTO `schedule_event` VALUES (6, 1, '跳绳', '一个两个三个，累死了。', 'monthly_date', '{\"day\": 1}', '2025-07-01', '2025-08-01', 'on_date', '2029-09-05', 'completed', 0, 4, '');
INSERT INTO `schedule_event` VALUES (7, 1, '跳绳', '一个两个三个，累死了。', 'monthly_date', '{\"day\": 1}', '2025-08-01', '2025-09-01', 'on_date', '2025-10-05', 'completed', 0, 4, '');
INSERT INTO `schedule_event` VALUES (8, 1, '跳舞', '闭眼，必须闭眼。旋转跳跃，不要睁眼！！', 'weekly', '{\"days\": [1, 4]}', '2025-06-09', '2025-06-12', 'after_occurrences', '24', 'completed', 0, 1, '');
INSERT INTO `schedule_event` VALUES (9, 1, '跳舞', '闭眼，必须闭眼。旋转跳跃，不要睁眼！！', 'weekly', '{\"days\": [1, 4]}', '2025-06-12', '2025-06-16', 'after_occurrences', '23', 'completed', 0, 1, '');
INSERT INTO `schedule_event` VALUES (10, 1, '跳舞', '闭眼，必须闭眼。旋转跳跃，不要睁眼！！', 'weekly', '{\"days\": [1, 4]}', '2025-06-16', '2025-06-19', 'after_occurrences', '22', 'completed', 0, 1, '');
INSERT INTO `schedule_event` VALUES (11, 1, '跳舞', '闭眼，必须闭眼。旋转跳跃，不要睁眼！！', 'weekly', '{\"days\": [1, 4]}', '2025-06-19', '2025-06-23', 'after_occurrences', '21', 'completed', 0, 1, '');
INSERT INTO `schedule_event` VALUES (12, 1, '跳舞', '闭眼，必须闭眼。旋转跳跃，不要睁眼！！', 'weekly', '{\"days\": [1, 4]}', '2025-06-23', '2025-06-26', 'after_occurrences', '20', 'completed', 0, 1, '');
INSERT INTO `schedule_event` VALUES (13, 1, '跳舞', '闭眼，必须闭眼。旋转跳跃，不要睁眼！！', 'weekly', '{\"days\": [1, 4]}', '2025-06-26', '2025-06-27', 'after_occurrences', '19', 'completed', 0, 1, '');
INSERT INTO `schedule_event` VALUES (14, 1, '跳舞', '闭眼，必须闭眼。旋转跳跃，不要睁眼！！', 'weekly', '{\"days\": [1, 4]}', '2025-06-27', '2025-06-30', 'after_occurrences', '18', 'completed', 0, 1, '');
INSERT INTO `schedule_event` VALUES (15, 1, '跳舞', '闭眼，必须闭眼。旋转跳跃，不要睁眼！！', 'weekly', '{\"days\": [1, 4]}', '2025-06-30', '2025-07-03', 'after_occurrences', '17', 'completed', 0, 1, '');
INSERT INTO `schedule_event` VALUES (16, 1, '跳舞', '闭眼，必须闭眼。旋转跳跃，不要睁眼！！', 'weekly', '{\"days\": [1, 4]}', '2025-07-03', '2025-07-07', 'after_occurrences', '3', 'completed', 0, 1, '');
INSERT INTO `schedule_event` VALUES (17, 1, '跳舞', '闭眼，必须闭眼。旋转跳跃，不要睁眼！！', 'weekly', '{\"days\": [1, 4]}', '2025-07-07', '2025-07-10', 'after_occurrences', '2', 'completed', 0, 1, '');
INSERT INTO `schedule_event` VALUES (18, 1, '跳舞', '闭眼，必须闭眼。旋转跳跃，不要睁眼！！', 'weekly', '{\"days\": [1, 4]}', '2025-07-10', '2025-07-14', 'after_occurrences', '1', 'completed', 0, 1, '');
INSERT INTO `schedule_event` VALUES (19, 1, '唱歌', '你在干什么，唱歌？！ 哇塞。你的童年我的童年好像都一样🎵', 'monthly_date', '{\"day\": 3}', '2025-09-03', '2025-10-03', 'after_occurrences', '32', 'completed', 0, 1, '');
INSERT INTO `schedule_event` VALUES (20, 1, '跳绳', '一个两个三个，累死了。', 'monthly_date', '{\"day\": 1}', '2025-09-01', '2025-10-01', 'on_date', '2025-10-05', 'completed', 0, 4, '');
INSERT INTO `schedule_event` VALUES (21, 1, '跳绳', '一个两个三个，累死了。', 'monthly_date', '{\"day\": 1}', '2025-10-01', NULL, 'on_date', '2025-10-05', 'completed', 0, 4, '');
INSERT INTO `schedule_event` VALUES (22, 1, '散步', '饭后走一走，活到二百九。从这里步行到欧洲，人不行别怪路不平。', 'monthly_week', '{\"day\": 1, \"week\": 3}', '2025-07-21', '2025-08-18', 'after_occurrences', '1', 'completed', 0, 1, 'https://thirdwx.qlogo.cn/mmopen/vi_32/hQoOP719jarWIicoBGJoqLkju7oicBOtuZempcjbzQXibqnIWWF1BnTHfiaQujUHTSR4ocWz66c9CqcRl7ic8BbAg9Vt6j0TBIfyQib39ibCnKtxvQ/132');
INSERT INTO `schedule_event` VALUES (23, 1, '唱歌', '你在干什么，唱歌？！ 哇塞。你的童年我的童年好像都一样🎵', 'monthly_date', '{\"day\": 3}', '2025-10-03', '2025-11-03', 'after_occurrences', '31', 'deleted', 0, 1, '');
INSERT INTO `schedule_event` VALUES (24, 1, '跑步', '背着房子绕着赣州跑三圈。念念不忘必有回响，努力才有回报。加油！！！', 'monthly_week', '{\"day\": 1, \"week\": \"1\"}', '2025-06-11', '2025-07-07', 'after_occurrences', '69', 'active', 0, 4, 'https://thirdwx.qlogo.cn/mmopen/vi_32/hQoOP719jarWIicoBGJoqLkju7oicBOtuZempcjbzQXibqnIWWF1BnTHfiaQujUHTSR4ocWz66c9CqcRl7ic8BbAg9Vt6j0TBIfyQib39ibCnKtxvQ/132');
INSERT INTO `schedule_event` VALUES (25, 1, '玩游戏', 'game，好玩。', 'daily', '{}', '2025-06-05', '2025-06-06', 'never', NULL, 'completed', 0, 4, '');
INSERT INTO `schedule_event` VALUES (26, 1, '飞行', '鞘翅拿了不飞一下试试看？其实雨伞也可以拿来当下位替代。', 'daily', '{}', '2025-06-02', '2025-06-03', 'never', NULL, 'completed', 0, 1, '');
INSERT INTO `schedule_event` VALUES (27, 14, '玩游戏', '原神，启动，', 'yearly', '{\"day\": 1, \"month\": 6}', '2025-05-29', '2026-06-01', 'on_date', '2044-06-11', 'completed', 0, 4, '');
INSERT INTO `schedule_event` VALUES (28, 14, '玩游戏', '原神，启动，', 'yearly', '{\"day\": 1, \"month\": 6}', '2026-06-01', '2027-06-01', 'on_date', '2044-06-11', 'completed', 0, 4, '');
INSERT INTO `schedule_event` VALUES (29, 14, '玩游戏', '原神，启动，', 'yearly', '{\"day\": 1, \"month\": 6}', '2027-06-01', '2028-06-01', 'on_date', '2044-06-11', 'active', 0, 4, '');
INSERT INTO `schedule_event` VALUES (30, 1, '飞行', '鞘翅拿了不飞一下试试看？其实雨伞也可以拿来当下位替代。', 'daily', '{}', '2025-06-03', '2025-06-04', 'never', NULL, 'completed', 0, 1, '');
INSERT INTO `schedule_event` VALUES (31, 1, '飞行', '鞘翅拿了不飞一下试试看？其实雨伞也可以拿来当下位替代。', 'daily', '{}', '2025-06-04', '2025-06-05', 'never', NULL, 'completed', 0, 1, '');
INSERT INTO `schedule_event` VALUES (32, 1, '飞行', '鞘翅拿了不飞一下试试看？其实雨伞也可以拿来当下位替代。', 'daily', '{}', '2025-06-05', '2025-06-06', 'never', NULL, 'completed', 0, 1, '');
INSERT INTO `schedule_event` VALUES (33, 1, '飞行', '鞘翅拿了不飞一下试试看？其实雨伞也可以拿来当下位替代。', 'daily', '{}', '2025-06-06', '2025-06-07', 'never', NULL, 'completed', 0, 1, '');
INSERT INTO `schedule_event` VALUES (34, 1, '玩游戏', 'game，好玩。', 'daily', '{}', '2025-06-06', '2025-06-07', 'after_occurrences', '40', 'active', 0, 4, '');
INSERT INTO `schedule_event` VALUES (35, 1, '飞行', '鞘翅拿了不飞一下试试看？烟花先拿上。其实雨伞也可以拿来当下位替代。', 'daily', '{}', '2025-06-07', '2025-06-08', 'never', NULL, 'active', 0, 1, '');
INSERT INTO `schedule_event` VALUES (36, 1, '玩游戏', 'game，好玩。', 'daily', '{}', '2025-06-07', '2025-06-08', 'never', NULL, 'active', 0, 4, '');
INSERT INTO `schedule_event` VALUES (37, 1, '测试事件', '每周一周二事件', 'weekly', '{\"days\": [1, 2]}', '2025-06-06', '2025-06-09', 'never', NULL, 'completed', 0, 4, '');
INSERT INTO `schedule_event` VALUES (38, 1, '每周一事件', '每周一事件', 'weekly', '{\"days\": [1]}', '2025-06-09', '2025-06-16', 'never', NULL, 'completed', 0, 4, '');
INSERT INTO `schedule_event` VALUES (39, 1, '每周一事件', '每周一事件', 'weekly', '{\"days\": [1]}', '2025-06-16', '2025-06-23', 'never', NULL, 'deleted', 0, 4, '');
INSERT INTO `schedule_event` VALUES (40, 1, '测试事件', '每周一周二事件', 'weekly', '{\"days\": [1, 2]}', '2025-06-09', '2025-06-10', 'never', NULL, 'completed', 0, 4, '');
INSERT INTO `schedule_event` VALUES (41, 1, '测试事件', '每周一周二事件', 'weekly', '{\"days\": [1, 2]}', '2025-06-10', '2025-06-16', 'never', NULL, 'completed', 0, 4, '');
INSERT INTO `schedule_event` VALUES (42, 1, '测试事件', '每周一周二事件', 'weekly', '{\"days\": [1, 2]}', '2025-06-16', '2025-06-17', 'never', NULL, 'completed', 0, 4, '');
INSERT INTO `schedule_event` VALUES (43, 1, '测试事件', '每月五号事件', 'monthly_date', '{\"day\": 5}', '2025-06-06', '2025-07-05', 'never', NULL, 'completed', 0, 4, '');
INSERT INTO `schedule_event` VALUES (44, 1, '测试事件', '每月五号事件', 'monthly_date', '{\"day\": 5}', '2025-07-05', '2025-08-05', 'never', NULL, 'completed', 0, 4, '');
INSERT INTO `schedule_event` VALUES (45, 1, '测试事件', '每月五号事件', 'monthly_date', '{\"day\": 5}', '2025-08-05', '2025-09-05', 'never', NULL, 'completed', 0, 4, '');
INSERT INTO `schedule_event` VALUES (46, 1, '测试事件', '每月九号事件', 'monthly_date', '{\"day\": 9}', '2025-06-06', '2025-07-09', 'after_occurrences', '100', 'completed', 0, 4, '');
INSERT INTO `schedule_event` VALUES (47, 1, '测试事件', '每月九号事件', 'weekly', '{\"days\": [0, 6]}', '2025-06-06', '2025-06-07', 'after_occurrences', '99', 'completed', 0, 4, '');
INSERT INTO `schedule_event` VALUES (48, 1, '测试事件', '每月九号事件', 'weekly', '{\"days\": [0, 6]}', '2025-06-07', '2025-06-08', 'after_occurrences', '98', 'completed', 0, 4, '');
INSERT INTO `schedule_event` VALUES (49, 1, '测试事件', '每月九号事件', 'weekly', '{\"days\": [0, 6]}', '2025-06-08', '2025-06-14', 'after_occurrences', '97', 'completed', 0, 4, '');
INSERT INTO `schedule_event` VALUES (50, 1, '测试事件', '每月第二周周四事件', 'monthly_week', '{\"day\": 4, \"week\": \"2\"}', '2025-06-14', '2025-07-10', 'after_occurrences', '96', 'completed', 0, 4, '');
INSERT INTO `schedule_event` VALUES (51, 1, '测试事件', '每月第三周周三事件', 'monthly_week', '{\"day\": 3, \"week\": 3}', '2025-06-06', '2025-07-16', 'after_occurrences', '95', 'completed', 1, 4, '');
INSERT INTO `schedule_event` VALUES (52, 1, '测试事件', '每年的七月一号事件', 'yearly', '{\"day\": 1, \"month\": 7}', '2025-07-16', '2026-07-01', 'after_occurrences', '94', 'completed', 2, 4, '');
INSERT INTO `schedule_event` VALUES (53, 1, '测试事件', '每年的七月一号事件', 'yearly', '{\"day\": 1, \"month\": 7}', '2026-07-01', '2027-07-01', 'after_occurrences', '93', 'completed', 3, 4, '');
INSERT INTO `schedule_event` VALUES (54, 1, '测试事件', '每年的七月一号事件', 'yearly', '{\"day\": 1, \"month\": 7}', '2027-07-01', '2028-07-01', 'after_occurrences', '92', 'completed', 4, 4, '');
INSERT INTO `schedule_event` VALUES (55, 1, '测试事件', '自定义，间隔：\n1天', 'custom', '{\"unit\": \"day\", \"interval\": 1}', '2025-06-06', '2025-06-07', 'after_occurrences', '91', 'completed', 5, 4, '');
INSERT INTO `schedule_event` VALUES (56, 1, '测试事件', '自定义，间隔：\n1天', 'custom', '{\"unit\": \"day\", \"interval\": 1}', '2025-06-07', '2025-06-08', 'after_occurrences', '90', 'completed', 6, 4, '');
INSERT INTO `schedule_event` VALUES (57, 1, '测试事件', '自定义，间隔：\n1天', 'custom', '{\"unit\": \"day\", \"interval\": 1}', '2025-06-08', '2025-06-09', 'after_occurrences', '89', 'completed', 7, 4, '');
INSERT INTO `schedule_event` VALUES (58, 1, '测试事件', '自定义，间隔：\n1天', 'custom', '{\"unit\": \"day\", \"interval\": 7}', '2025-06-06', '2025-06-13', 'after_occurrences', '88', 'completed', 8, 4, '');
INSERT INTO `schedule_event` VALUES (59, 1, '测试事件', '自定义，间隔：\n1天', 'custom', '{\"unit\": \"day\", \"interval\": 7}', '2025-06-13', '2025-06-20', 'after_occurrences', '87', 'completed', 9, 4, '');
INSERT INTO `schedule_event` VALUES (60, 1, '测试事件', '自定义，间隔：\n1天', 'custom', '{\"unit\": \"day\", \"interval\": 7}', '2025-06-20', '2025-06-27', 'after_occurrences', '86', 'completed', 10, 4, '');
INSERT INTO `schedule_event` VALUES (61, 1, '测试事件', '自定义，\n1\n周一、周三', 'custom', '{\"days\": [1, 3], \"unit\": \"week\", \"interval\": 1}', '2025-06-27', '2025-07-07', 'after_occurrences', '85', 'completed', 11, 4, '');
INSERT INTO `schedule_event` VALUES (62, 1, '测试事件', '自定义，\n1\n周一、周三', 'custom', '{\"days\": [1, 3], \"unit\": \"week\", \"interval\": 1}', '2025-07-07', '2025-07-14', 'after_occurrences', '84', 'completed', 12, 4, '');
INSERT INTO `schedule_event` VALUES (63, 1, '测试事件', '自定义，\n1\n周一、周三', 'custom', '{\"days\": [1, 3], \"unit\": \"week\", \"interval\": 1}', '2025-06-06', '2025-06-16', 'after_occurrences', '83', 'completed', 13, 4, '');
INSERT INTO `schedule_event` VALUES (64, 1, '测试事件', '自定义，\n1\n周一、周三', 'custom', '{\"days\": [1, 3], \"unit\": \"week\", \"interval\": 1}', '2025-06-16', '2025-06-23', 'after_occurrences', '82', 'completed', 14, 4, '');
INSERT INTO `schedule_event` VALUES (65, 1, '测试事件', '自定义，\n1\n周一、周三', 'custom', '{\"days\": [1, 3], \"unit\": \"week\", \"interval\": 1}', '2025-06-23', '2025-06-30', 'after_occurrences', '81', 'completed', 15, 4, '');
INSERT INTO `schedule_event` VALUES (66, 1, '测试事件', '自定义，\n1\n周一、周三', 'custom', '{\"days\": [1, 3], \"unit\": \"week\", \"interval\": 1}', '2025-06-30', '2025-07-07', 'after_occurrences', '80', 'completed', 16, 4, '');
INSERT INTO `schedule_event` VALUES (67, 1, '测试事件', '自定义，\n1\n周四', 'custom', '{\"days\": [4], \"unit\": \"week\", \"interval\": 1}', '2025-06-06', '2025-06-19', 'after_occurrences', '79', 'completed', 17, 4, '');
INSERT INTO `schedule_event` VALUES (68, 1, '测试事件', '自定义，\n1\n周四', 'custom', '{\"days\": [4], \"unit\": \"week\", \"interval\": 1}', '2025-06-19', '2025-06-26', 'after_occurrences', '78', 'completed', 18, 4, '');
INSERT INTO `schedule_event` VALUES (69, 1, '测试事件', '自定义，\n1\n月', 'custom', '{\"unit\": \"month\", \"interval\": 1}', '2025-06-06', '2025-07-06', 'after_occurrences', '77', 'completed', 19, 4, '');
INSERT INTO `schedule_event` VALUES (70, 1, '测试事件', '自定义，\n1\n月', 'custom', '{\"unit\": \"month\", \"interval\": 1}', '2025-07-06', '2025-08-06', 'after_occurrences', '76', 'completed', 20, 4, '');
INSERT INTO `schedule_event` VALUES (71, 1, '测试事件', '自定义，\n1\n月', 'custom', '{\"unit\": \"month\", \"interval\": 1}', '2025-08-06', '2025-09-06', 'after_occurrences', '75', 'completed', 21, 4, '');
INSERT INTO `schedule_event` VALUES (72, 1, '测试事件', '自定义，\n1\n月', 'custom', '{\"unit\": \"month\", \"interval\": 1}', '2025-09-06', '2025-10-06', 'after_occurrences', '74', 'completed', 22, 4, '');
INSERT INTO `schedule_event` VALUES (73, 1, '测试事件', '自定义，\n1\n月', 'custom', '{\"unit\": \"month\", \"interval\": 1}', '2025-10-06', '2025-11-06', 'after_occurrences', '73', 'completed', 23, 4, '');
INSERT INTO `schedule_event` VALUES (74, 1, '测试事件', '自定义，\n1\n月', 'custom', '{\"unit\": \"month\", \"interval\": 1}', '2025-11-06', '2025-12-06', 'after_occurrences', '72', 'completed', 24, 4, '');
INSERT INTO `schedule_event` VALUES (75, 1, '测试事件', '自定义，\n1\n月', 'custom', '{\"unit\": \"month\", \"interval\": 1}', '2025-12-06', '2026-01-06', 'after_occurrences', '71', 'completed', 25, 4, '');
INSERT INTO `schedule_event` VALUES (76, 1, '测试事件', '自定义，\n2\n月', 'custom', '{\"unit\": \"month\", \"interval\": 2}', '2026-01-06', '2026-03-06', 'after_occurrences', '70', 'completed', 26, 4, '');
INSERT INTO `schedule_event` VALUES (77, 1, '测试事件', '自定义，\n2\n月', 'custom', '{\"unit\": \"month\", \"interval\": 2}', '2026-03-06', '2026-05-06', 'after_occurrences', '69', 'completed', 27, 4, '');
INSERT INTO `schedule_event` VALUES (78, 1, '测试事件', '自定义，\n2\n月', 'custom', '{\"unit\": \"month\", \"interval\": 2}', '2026-05-06', '2026-07-06', 'after_occurrences', '68', 'completed', 28, 4, '');
INSERT INTO `schedule_event` VALUES (79, 1, '测试事件', '自定义，\n1\n周', 'weekly', '{\"days\": [0, 6]}', '2025-06-06', '2025-06-07', 'after_occurrences', '67', 'completed', 29, 4, '');
INSERT INTO `schedule_event` VALUES (80, 1, '测试事件', '自定义，\n1\n周', 'weekly', '{\"days\": [0, 6]}', '2025-06-07', '2025-06-08', 'after_occurrences', '66', 'completed', 30, 4, '');
INSERT INTO `schedule_event` VALUES (81, 1, '测试事件', '自定义，\n1\n周', 'weekly', '{\"days\": [0, 6]}', '2025-06-08', '2025-06-14', 'after_occurrences', '65', 'completed', 31, 4, '');
INSERT INTO `schedule_event` VALUES (82, 1, '测试事件', '测试事件', 'monthly_date', '{\"day\": 9}', '2025-06-06', '2025-06-09', 'after_occurrences', '64', 'completed', 32, 4, '');
INSERT INTO `schedule_event` VALUES (83, 1, '测试事件', '测试事件', 'monthly_date', '{\"day\": 9}', '2025-06-09', '2025-06-09', 'after_occurrences', '63', 'completed', 33, 4, '');
INSERT INTO `schedule_event` VALUES (84, 1, '测试事件', '测试事件', 'monthly_date', '{\"day\": 9}', '2025-06-09', '2025-06-09', 'after_occurrences', '62', 'completed', 34, 4, '');
INSERT INTO `schedule_event` VALUES (85, 1, '测试事件', '测试事件', 'monthly_date', '{\"day\": 9}', '2025-06-09', '2025-06-09', 'after_occurrences', '61', 'completed', 35, 4, '');
INSERT INTO `schedule_event` VALUES (86, 1, '测试事件', '测试事件', 'weekly', '{\"days\": [6]}', '2025-06-06', '2025-06-07', 'after_occurrences', '60', 'completed', 36, 4, '');
INSERT INTO `schedule_event` VALUES (87, 1, '测试事件', '测试事件', 'weekly', '{\"days\": [6]}', '2025-06-07', '2025-06-14', 'after_occurrences', '59', 'completed', 37, 4, '');
INSERT INTO `schedule_event` VALUES (88, 1, '测试事件', '测试事件', 'weekly', '{\"days\": [6]}', '2025-06-14', '2025-06-21', 'after_occurrences', '58', 'completed', 38, 4, '');
INSERT INTO `schedule_event` VALUES (89, 1, '测试事件', '测试事件', 'monthly_date', '{\"day\": 9}', '2025-06-21', '2025-07-09', 'after_occurrences', '57', 'completed', 39, 4, '');
INSERT INTO `schedule_event` VALUES (90, 1, '测试事件', '测试事件', 'monthly_date', '{\"day\": 9}', '2025-07-09', '2025-07-09', 'after_occurrences', '56', 'completed', 40, 4, '');
INSERT INTO `schedule_event` VALUES (91, 1, '测试事件', '测试事件', 'monthly_date', '{\"day\": 1}', '2025-07-09', '2025-08-01', 'after_occurrences', '55', 'completed', 41, 4, '');
INSERT INTO `schedule_event` VALUES (92, 1, '测试事件', '测试事件', 'monthly_date', '{\"day\": 1}', '2025-08-01', '2025-08-01', 'after_occurrences', '54', 'completed', 42, 4, '');
INSERT INTO `schedule_event` VALUES (93, 1, '测试事件', '测试事件', 'monthly_date', '{\"day\": 1}', '2025-08-15', '2025-09-01', 'after_occurrences', '53', 'completed', 43, 4, '');
INSERT INTO `schedule_event` VALUES (94, 1, '测试事件', '测试事件', 'monthly_date', '{\"day\": 1}', '2025-09-01', '2025-10-01', 'after_occurrences', '52', 'completed', 44, 4, '');
INSERT INTO `schedule_event` VALUES (95, 1, '测试事件', '测试事件', 'monthly_date', '{\"day\": 1}', '2025-10-01', '2025-11-01', 'after_occurrences', '51', 'completed', 45, 4, '');
INSERT INTO `schedule_event` VALUES (96, 1, '测试事件', '测试事件', 'monthly_week', '{\"day\": 6, \"week\": \"1\"}', '2025-06-06', '2025-06-07', 'after_occurrences', '50', 'completed', 46, 4, '');
INSERT INTO `schedule_event` VALUES (97, 1, '测试事件', '测试事件', 'monthly_week', '{\"day\": 6, \"week\": \"1\"}', '2025-06-07', '2025-07-05', 'after_occurrences', '49', 'completed', 47, 4, '');
INSERT INTO `schedule_event` VALUES (98, 1, '测试事件', '测试事件', 'yearly', '{\"day\": 9, \"month\": 9}', '2025-07-05', '2025-09-09', 'after_occurrences', '48', 'completed', 48, 4, '');
INSERT INTO `schedule_event` VALUES (99, 1, '测试事件', '测试事件', 'yearly', '{\"day\": 9, \"month\": 9}', '2025-09-09', '2026-09-09', 'after_occurrences', '47', 'completed', 49, 4, '');
INSERT INTO `schedule_event` VALUES (100, 1, '测试事件', '测试事件', 'custom', '{\"unit\": \"day\", \"interval\": 2}', '2025-06-06', '2025-06-08', 'after_occurrences', '46', 'completed', 50, 4, '');
INSERT INTO `schedule_event` VALUES (101, 1, '测试事件', '测试事件', 'custom', '{\"unit\": \"day\", \"interval\": 2}', '2025-06-08', '2025-06-10', 'after_occurrences', '45', 'completed', 51, 4, '');
INSERT INTO `schedule_event` VALUES (102, 1, '测试事件', '测试事件', 'custom', '{\"unit\": \"day\", \"interval\": 2}', '2025-06-10', '2025-06-12', 'after_occurrences', '44', 'completed', 52, 4, '');
INSERT INTO `schedule_event` VALUES (103, 1, '测试事件', '测试事件', 'custom', '{\"unit\": \"month\", \"interval\": 2}', '2025-06-12', '2025-08-12', 'after_occurrences', '43', 'completed', 53, 4, '');
INSERT INTO `schedule_event` VALUES (104, 1, '测试事件', '测试事件', 'custom', '{\"unit\": \"month\", \"interval\": 2}', '2025-08-12', '2025-10-12', 'after_occurrences', '42', 'completed', 54, 4, '');
INSERT INTO `schedule_event` VALUES (105, 1, '测试事件', '测试事件', 'custom', '{\"unit\": \"month\", \"interval\": 2}', '2025-10-12', '2025-12-12', 'after_occurrences', '41', 'completed', 55, 4, '');
INSERT INTO `schedule_event` VALUES (106, 1, '测试事件', '测试事件', 'custom', '{\"unit\": \"month\", \"interval\": 1}', '2025-12-31', '2026-01-31', 'after_occurrences', '40', 'completed', 56, 4, '');
INSERT INTO `schedule_event` VALUES (107, 1, '测试事件', '测试事件', 'custom', '{\"unit\": \"month\", \"interval\": 1}', '2026-01-31', '2026-02-28', 'after_occurrences', '39', 'completed', 57, 4, '');
INSERT INTO `schedule_event` VALUES (108, 1, '测试事件', '测试事件', 'custom', '{\"unit\": \"month\", \"interval\": 1}', '2026-02-28', '2026-03-28', 'after_occurrences', '38', 'completed', 58, 4, '');
INSERT INTO `schedule_event` VALUES (109, 1, '测试事件', '测试事件', 'custom', '{\"unit\": \"month\", \"interval\": 1}', '2026-03-28', '2026-04-28', 'after_occurrences', '37', 'completed', 59, 4, '');
INSERT INTO `schedule_event` VALUES (110, 1, '测试事件', '测试事件', 'monthly_date', '{\"day\": 31}', '2026-04-28', '2026-04-30', 'after_occurrences', '36', 'completed', 60, 4, '');
INSERT INTO `schedule_event` VALUES (111, 1, '测试事件', '测试事件', 'monthly_date', '{\"day\": 31}', '2026-04-30', '2026-05-31', 'after_occurrences', '35', 'completed', 61, 4, '');
INSERT INTO `schedule_event` VALUES (112, 1, '测试事件', '测试事件', 'monthly_date', '{\"day\": 31}', '2026-05-31', '2026-06-30', 'after_occurrences', '34', 'completed', 62, 4, '');
INSERT INTO `schedule_event` VALUES (113, 1, '测试事件', '测试事件', 'monthly_date', '{\"day\": 31}', '2026-06-30', '2026-07-31', 'after_occurrences', '33', 'completed', 63, 4, '');
INSERT INTO `schedule_event` VALUES (114, 1, '测试事件', '测试事件', 'monthly_date', '{\"day\": 31}', '2026-07-31', '2026-08-31', 'after_occurrences', '32', 'completed', 64, 4, '');
INSERT INTO `schedule_event` VALUES (115, 1, '测试事件', '测试事件', 'monthly_date', '{\"day\": 31}', '2026-08-31', '2026-09-30', 'after_occurrences', '31', 'completed', 65, 4, '');
INSERT INTO `schedule_event` VALUES (116, 1, '测试事件', '测试事件', 'monthly_date', '{\"day\": 31}', '2026-09-30', '2026-10-31', 'after_occurrences', '30', 'completed', 66, 4, '');
INSERT INTO `schedule_event` VALUES (117, 1, '测试事件', '测试事件', 'monthly_date', '{\"day\": 31}', '2026-10-31', '2026-11-30', 'after_occurrences', '29', 'completed', 67, 4, '');
INSERT INTO `schedule_event` VALUES (118, 1, '测试事件', '测试事件', 'monthly_date', '{\"day\": 31}', '2026-11-30', '2026-12-31', 'after_occurrences', '28', 'completed', 68, 4, '');
INSERT INTO `schedule_event` VALUES (119, 1, '测试事件', '测试事件', 'monthly_date', '{\"day\": 31}', '2026-12-31', '2027-01-31', 'after_occurrences', '27', 'completed', 69, 4, '');
INSERT INTO `schedule_event` VALUES (120, 1, '测试事件', '测试事件', 'monthly_date', '{\"day\": 31}', '2027-01-31', '2027-02-28', 'after_occurrences', '26', 'completed', 70, 4, '');
INSERT INTO `schedule_event` VALUES (121, 1, '测试事件', '测试事件', 'monthly_date', '{\"day\": 31}', '2027-02-28', '2027-03-31', 'after_occurrences', '25', 'completed', 71, 4, '');
INSERT INTO `schedule_event` VALUES (122, 1, '测试事件', '测试事件', 'custom', '{\"days\": [3, 5], \"unit\": \"week\", \"interval\": 1}', '2025-06-06', '2025-06-13', 'after_occurrences', '24', 'completed', 72, 4, '');
INSERT INTO `schedule_event` VALUES (123, 1, '测试事件', '测试事件', 'custom', '{\"days\": [3, 5], \"unit\": \"week\", \"interval\": 1}', '2025-06-13', '2025-06-20', 'after_occurrences', '23', 'completed', 73, 4, '');
INSERT INTO `schedule_event` VALUES (124, 1, '测试事件', '测试事件', 'custom', '{\"days\": [3, 5], \"unit\": \"week\", \"interval\": 1}', '2025-06-20', '2025-06-27', 'after_occurrences', '22', 'completed', 74, 4, '');
INSERT INTO `schedule_event` VALUES (125, 1, '测试事件', '测试事件', 'custom', '{\"days\": [3, 5], \"unit\": \"week\", \"interval\": 1}', '2025-06-06', '2025-06-13', 'after_occurrences', '21', 'completed', 75, 4, '');
INSERT INTO `schedule_event` VALUES (126, 1, '测试事件', '测试事件', 'custom', '{\"days\": [3, 5], \"unit\": \"week\", \"interval\": 1}', '2025-06-13', '2025-06-20', 'after_occurrences', '20', 'completed', 76, 4, '');
INSERT INTO `schedule_event` VALUES (127, 1, '测试事件', '测试事件', 'custom', '{\"days\": [3, 5], \"unit\": \"week\", \"interval\": 2}', '2025-06-04', '2025-06-06', 'after_occurrences', '19', 'cancelled', 77, 4, '');
INSERT INTO `schedule_event` VALUES (128, 1, '测试事件', '测试事件', 'custom', '{\"days\": [3, 5], \"unit\": \"week\", \"interval\": 2}', '2025-06-06', '2025-06-20', 'after_occurrences', '18', 'completed', 78, 4, '');
INSERT INTO `schedule_event` VALUES (129, 1, '测试事件', '测试事件', 'custom', '{\"days\": [3, 5], \"unit\": \"week\", \"interval\": 2}', '2025-06-18', '2025-06-20', 'after_occurrences', '17', 'completed', 79, 4, '');
INSERT INTO `schedule_event` VALUES (130, 1, '测试事件', '测试事件', 'custom', '{\"days\": [3, 5], \"unit\": \"week\", \"interval\": 2}', '2025-06-20', '2025-07-04', 'after_occurrences', '16', 'completed', 80, 4, '');
INSERT INTO `schedule_event` VALUES (131, 1, '测试事件', '测试事件', 'custom', '{\"days\": [3, 5], \"unit\": \"week\", \"interval\": 1}', '2025-06-04', '2025-06-06', 'after_occurrences', '15', 'completed', 81, 4, '');
INSERT INTO `schedule_event` VALUES (132, 1, '测试事件', '测试事件', 'custom', '{\"days\": [3, 5], \"unit\": \"week\", \"interval\": 1}', '2025-06-06', '2025-06-13', 'after_occurrences', '14', 'completed', 82, 4, '');
INSERT INTO `schedule_event` VALUES (133, 1, '测试事件', '测试事件', 'custom', '{\"days\": [3, 5], \"unit\": \"week\", \"interval\": 1}', '2025-06-13', '2025-06-20', 'after_occurrences', '13', 'completed', 83, 4, '');
INSERT INTO `schedule_event` VALUES (134, 1, '测试事件', '测试事件', 'custom', '{\"days\": [3, 5], \"unit\": \"week\", \"interval\": 1}', '2025-06-20', '2025-06-25', 'after_occurrences', '12', 'completed', 84, 4, '');
INSERT INTO `schedule_event` VALUES (135, 1, '测试事件', '测试事件', 'custom', '{\"days\": [3, 5], \"unit\": \"week\", \"interval\": 1}', '2025-06-25', '2025-06-27', 'after_occurrences', '11', 'completed', 85, 4, '');
INSERT INTO `schedule_event` VALUES (136, 1, '测试事件', '测试事件', 'custom', '{\"days\": [3, 5], \"unit\": \"week\", \"interval\": 1}', '2025-06-27', '2025-07-02', 'after_occurrences', '10', 'completed', 86, 4, '');
INSERT INTO `schedule_event` VALUES (137, 1, '测试事件', '测试事件', 'custom', '{\"days\": [3, 5], \"unit\": \"week\", \"interval\": 1}', '2025-07-02', '2025-07-04', 'after_occurrences', '9', 'completed', 87, 4, '');
INSERT INTO `schedule_event` VALUES (138, 1, '测试事件', '测试事件', 'custom', '{\"days\": [3, 5], \"unit\": \"week\", \"interval\": 1}', '2025-07-04', '2025-07-09', 'after_occurrences', '8', 'completed', 88, 4, '');
INSERT INTO `schedule_event` VALUES (139, 1, '测试事件', '测试事件', 'custom', '{\"days\": [3, 5], \"unit\": \"week\", \"interval\": 1}', '2025-07-09', '2025-07-11', 'after_occurrences', '7', 'completed', 89, 4, '');
INSERT INTO `schedule_event` VALUES (140, 1, '测试事件', '测试事件', 'custom', '{\"days\": [3, 5], \"unit\": \"week\", \"interval\": 1}', '2025-07-11', '2025-07-16', 'after_occurrences', '6', 'completed', 90, 4, '');
INSERT INTO `schedule_event` VALUES (141, 1, '测试事件', '测试事件', 'custom', '{\"days\": [3, 5], \"unit\": \"week\", \"interval\": 1}', '2025-07-16', '2025-07-18', 'after_occurrences', '5', 'completed', 91, 4, '');
INSERT INTO `schedule_event` VALUES (142, 1, '测试事件', '测试事件', 'custom', '{\"days\": [3, 5], \"unit\": \"week\", \"interval\": 1}', '2025-07-18', '2025-07-23', 'after_occurrences', '4', 'completed', 92, 4, '');
INSERT INTO `schedule_event` VALUES (143, 1, '测试事件', '测试事件', 'custom', '{\"days\": [3, 5], \"unit\": \"week\", \"interval\": 1}', '2025-07-23', '2025-07-25', 'after_occurrences', '3', 'completed', 93, 4, '');
INSERT INTO `schedule_event` VALUES (144, 1, '测试事件', '测试事件', 'custom', '{\"days\": [3, 5], \"unit\": \"week\", \"interval\": 1}', '2025-07-25', '2025-07-30', 'after_occurrences', '2', 'completed', 94, 4, '');
INSERT INTO `schedule_event` VALUES (145, 1, '测试事件', '测试事件', 'custom', '{\"days\": [3, 5], \"unit\": \"week\", \"interval\": 1}', '2025-06-06', '2025-06-11', 'after_occurrences', '70', 'deleted', 95, 4, '');

-- ----------------------------
-- Table structure for subjects
-- ----------------------------
DROP TABLE IF EXISTS `subjects`;
CREATE TABLE `subjects`  (
                             `subject_id` int NOT NULL AUTO_INCREMENT COMMENT '学科id',
                             `subject_name` varchar(255) CHARACTER SET utf8mb4 COLLATE utf8mb4_0900_ai_ci NULL DEFAULT NULL COMMENT '学科名称',
                             `subject_desc` varchar(2000) CHARACTER SET utf8mb4 COLLATE utf8mb4_0900_ai_ci NULL DEFAULT NULL COMMENT '学科描述',
                             `create_time` datetime NULL DEFAULT CURRENT_TIMESTAMP COMMENT '创建时间',
                             PRIMARY KEY (`subject_id`) USING BTREE
) ENGINE = InnoDB AUTO_INCREMENT = 4 CHARACTER SET = utf8mb4 COLLATE = utf8mb4_0900_ai_ci COMMENT = '学科表' ROW_FORMAT = DYNAMIC;

-- ----------------------------
-- Records of subjects
-- ----------------------------
INSERT INTO `subjects` VALUES (1, '计算机网络', 'OSI和ISO哪个是哪个分清楚了吗你就看看看！！！', '2025-05-20 21:35:37');
INSERT INTO `subjects` VALUES (2, 'JAVA_WEB', '权限的底层代码看了吗，怎么实现的你知道了吗？睡得着觉吗？', '2025-05-20 21:37:21');
INSERT INTO `subjects` VALUES (3, '软件工程开发', 'UML图了解一下？', '2025-05-20 21:38:49');

-- ----------------------------
-- Table structure for user_file
-- ----------------------------
DROP TABLE IF EXISTS `user_file`;
CREATE TABLE `user_file`  (
                              `id` bigint NOT NULL AUTO_INCREMENT COMMENT '自增ID',
                              `belong_user` bigint NULL DEFAULT NULL COMMENT '用户id',
                              `file_url` varchar(2000) CHARACTER SET utf8mb4 COLLATE utf8mb4_0900_ai_ci NULL DEFAULT NULL COMMENT '文件url',
                              `file_name` varchar(2000) CHARACTER SET utf8mb4 COLLATE utf8mb4_0900_ai_ci NULL DEFAULT NULL COMMENT '文件名',
                              `is_deleted` int NULL DEFAULT (0) COMMENT '是否被删除',
                              PRIMARY KEY (`id`) USING BTREE
) ENGINE = InnoDB AUTO_INCREMENT = 8 CHARACTER SET = utf8mb4 COLLATE = utf8mb4_0900_ai_ci ROW_FORMAT = Dynamic;

-- ----------------------------
-- Records of user_file
-- ----------------------------
INSERT INTO `user_file` VALUES (1, 1, 'http://10.168.82.63:8089\\1\\7054bd6f-65f7-430f-9f56-320405463768', 'QQ.lnk', 1);
INSERT INTO `user_file` VALUES (2, 1, 'http://10.168.82.63:8089\\1\\ae079082-ad53-44d6-9cfc-4f5983771d96', 'Edu_Sphere.sql', 1);
INSERT INTO `user_file` VALUES (3, 1, 'http://10.168.82.63:8089\\1\\a466eed8-bc20-4bba-bfb7-fca5a7d3a2b4', '61a02697ccfd23d9e83ffc44f54fe9b.jpg', 0);
INSERT INTO `user_file` VALUES (4, 1, 'http://10.168.82.63:8089\\1\\7d245448-3c38-4efc-9ee0-b58fbcf2302d', '1.png', 0);
INSERT INTO `user_file` VALUES (5, 1, 'http://10.168.82.63:8089\\1\\4a045dab-022b-4db2-aca1-645259b2fdd3', '3122230220李翔（结课考核）.pdf', 0);
INSERT INTO `user_file` VALUES (6, 1, 'http://10.168.82.63:8089\\1\\aea7b0a1-e20c-46f5-9b7d-55de72d3855e', 'Screenshot_20250605_190151_com_tencent_mm_LauncherUI.jpg', 0);
INSERT INTO `user_file` VALUES (7, 1, 'http://10.168.82.63:8089\\1\\d2e36396-1fdb-4270-939f-ee4cccc136c8', 'UploadImg.vue', 0);

-- ----------------------------
-- Table structure for user_information
-- ----------------------------
DROP TABLE IF EXISTS `user_information`;
CREATE TABLE `user_information`  (
                                     `user_id` bigint NOT NULL AUTO_INCREMENT COMMENT '用户id，链接users表内user_id',
                                     `user_nick_name` varchar(255) CHARACTER SET utf8mb4 COLLATE utf8mb4_0900_ai_ci NULL DEFAULT NULL COMMENT '用户昵称',
                                     `user_gender` varchar(255) CHARACTER SET utf8mb4 COLLATE utf8mb4_0900_ai_ci NULL DEFAULT NULL COMMENT '用户性别',
                                     `user_birthday` date NULL DEFAULT NULL COMMENT 'YYYY-MM-DD，用户生日',
                                     `user_personalized_signature` varchar(2000) CHARACTER SET utf8mb4 COLLATE utf8mb4_0900_ai_ci NULL DEFAULT NULL COMMENT '用户个性签名',
                                     `user_profile_picture` varchar(2000) CHARACTER SET utf8mb4 COLLATE utf8mb4_0900_ai_ci NULL DEFAULT NULL COMMENT '用户头像',
                                     PRIMARY KEY (`user_id` DESC) USING BTREE
) ENGINE = InnoDB AUTO_INCREMENT = 47 CHARACTER SET = utf8mb4 COLLATE = utf8mb4_0900_ai_ci ROW_FORMAT = DYNAMIC;

-- ----------------------------
-- Records of user_information
-- ----------------------------
INSERT INTO `user_information` VALUES (46, NULL, NULL, NULL, NULL, NULL);
INSERT INTO `user_information` VALUES (45, NULL, NULL, NULL, NULL, NULL);
INSERT INTO `user_information` VALUES (44, 'XX云', '男', NULL, NULL, NULL);
INSERT INTO `user_information` VALUES (43, '连宝', NULL, NULL, NULL, NULL);
INSERT INTO `user_information` VALUES (42, '周辉其', NULL, NULL, NULL, NULL);
INSERT INTO `user_information` VALUES (41, '江锦红', NULL, NULL, NULL, NULL);
INSERT INTO `user_information` VALUES (40, '闻茹慧', NULL, NULL, NULL, NULL);
INSERT INTO `user_information` VALUES (39, '吕纪畅', NULL, NULL, NULL, NULL);
INSERT INTO `user_information` VALUES (38, '曾鸿', NULL, NULL, NULL, NULL);
INSERT INTO `user_information` VALUES (37, '谢羿政', NULL, NULL, NULL, NULL);
INSERT INTO `user_information` VALUES (36, '刘桂旺', NULL, NULL, NULL, NULL);
INSERT INTO `user_information` VALUES (35, '王彬', NULL, NULL, NULL, NULL);
INSERT INTO `user_information` VALUES (34, '郭芯', NULL, NULL, NULL, NULL);
INSERT INTO `user_information` VALUES (33, '蔡恒', NULL, NULL, NULL, NULL);
INSERT INTO `user_information` VALUES (32, '周伟', NULL, NULL, NULL, NULL);
INSERT INTO `user_information` VALUES (31, '谢宇杰', NULL, NULL, NULL, NULL);
INSERT INTO `user_information` VALUES (30, '丁雯婕', NULL, NULL, NULL, NULL);
INSERT INTO `user_information` VALUES (29, '濮骏辉', NULL, NULL, NULL, NULL);
INSERT INTO `user_information` VALUES (28, '周志豪', NULL, NULL, NULL, NULL);
INSERT INTO `user_information` VALUES (27, '丁宇强', NULL, NULL, NULL, NULL);
INSERT INTO `user_information` VALUES (26, '陈家兴', NULL, NULL, NULL, NULL);
INSERT INTO `user_information` VALUES (25, '晏浩祥', NULL, NULL, NULL, NULL);
INSERT INTO `user_information` VALUES (24, '侯城', NULL, NULL, NULL, NULL);
INSERT INTO `user_information` VALUES (23, '易贤华', NULL, NULL, NULL, NULL);
INSERT INTO `user_information` VALUES (22, '周衍嘉', NULL, NULL, NULL, NULL);
INSERT INTO `user_information` VALUES (21, '徐宇', NULL, NULL, NULL, NULL);
INSERT INTO `user_information` VALUES (20, '李圣杰', NULL, NULL, NULL, NULL);
INSERT INTO `user_information` VALUES (19, '李咨珩', NULL, NULL, NULL, NULL);
INSERT INTO `user_information` VALUES (18, '陈慧萍', NULL, NULL, NULL, NULL);
INSERT INTO `user_information` VALUES (17, '丁玉梅', NULL, NULL, NULL, NULL);
INSERT INTO `user_information` VALUES (16, '刘佳伟', NULL, NULL, NULL, NULL);
INSERT INTO `user_information` VALUES (15, '胡耀辉', NULL, NULL, NULL, NULL);
INSERT INTO `user_information` VALUES (14, '徐志刚', NULL, NULL, NULL, 'http://10.168.82.116/favicon.ico');
INSERT INTO `user_information` VALUES (13, '艾斯琦', NULL, NULL, NULL, 'https://thirdwx.qlogo.cn/mmopen/vi_32/hQoOP719jarWIicoBGJoqLkju7oicBOtuZempcjbzQXibqnIWWF1BnTHfiaQujUHTSR4ocWz66c9CqcRl7ic8BbAg9Vt6j0TBIfyQib39ibCnKtxvQ/132');
INSERT INTO `user_information` VALUES (12, '余晨华', '其他', NULL, NULL, 'https://thirdwx.qlogo.cn/mmopen/vi_32/8I9k5Nl5rib6tDn42DIxEdkVpEa3FkAGmFvhKVpCib4bluX1iafVsBWf8jVfU5HFnia0N8PdtnVib1s5zBcZ0vV59ew/132');
INSERT INTO `user_information` VALUES (11, '余佳伟', NULL, NULL, NULL, NULL);
INSERT INTO `user_information` VALUES (10, '黄彬彬', NULL, NULL, NULL, NULL);
INSERT INTO `user_information` VALUES (9, '彭乐华', NULL, NULL, NULL, NULL);
INSERT INTO `user_information` VALUES (8, '胡加聪', NULL, NULL, NULL, NULL);
INSERT INTO `user_information` VALUES (7, '张诗炜', NULL, NULL, NULL, NULL);
INSERT INTO `user_information` VALUES (6, '黄佳超', NULL, NULL, NULL, NULL);
INSERT INTO `user_information` VALUES (5, '严慧慧', NULL, NULL, NULL, NULL);
INSERT INTO `user_information` VALUES (4, '谢佛生', NULL, NULL, NULL, NULL);
INSERT INTO `user_information` VALUES (3, '兰伟', NULL, NULL, NULL, NULL);
INSERT INTO `user_information` VALUES (2, '程文炜', NULL, NULL, NULL, NULL);
INSERT INTO `user_information` VALUES (1, '听风起', '男', '2004-05-25', '帮我点杯咖啡，多点奶少点糖', 'https://thirdwx.qlogo.cn/mmopen/vi_32/hQoOP719jarWIicoBGJoqLkju7oicBOtuZempcjbzQXibqnIWWF1BnTHfiaQujUHTSR4ocWz66c9CqcRl7ic8BbAg9Vt6j0TBIfyQib39ibCnKtxvQ/132');

-- ----------------------------
-- Table structure for users
-- ----------------------------
DROP TABLE IF EXISTS `users`;
CREATE TABLE `users`  (
                          `user_id` bigint NOT NULL AUTO_INCREMENT COMMENT '用户id',
                          `user_name` varchar(255) CHARACTER SET utf8mb4 COLLATE utf8mb4_0900_ai_ci NULL DEFAULT NULL COMMENT '用户名',
                          `user_email` varchar(255) CHARACTER SET utf8mb4 COLLATE utf8mb4_0900_ai_ci NULL DEFAULT NULL COMMENT '电子邮件',
                          `user_password` varchar(255) CHARACTER SET utf8mb4 COLLATE utf8mb4_0900_ai_ci NULL DEFAULT NULL COMMENT '用户密码',
                          `user_token` varchar(255) CHARACTER SET utf8mb4 COLLATE utf8mb4_0900_ai_ci NULL DEFAULT NULL COMMENT '当前密钥',
                          `user_number` varchar(255) CHARACTER SET utf8mb4 COLLATE utf8mb4_0900_ai_ci NULL DEFAULT NULL COMMENT '用户号，一般来说以这个为登录号会更加合理。比如说我的学生证卡号。',
                          PRIMARY KEY (`user_id`) USING BTREE,
                          UNIQUE INDEX `users_pk`(`user_name` ASC) USING BTREE,
                          UNIQUE INDEX `users_pk_2`(`user_email` ASC) USING BTREE
) ENGINE = InnoDB AUTO_INCREMENT = 48 CHARACTER SET = utf8mb4 COLLATE = utf8mb4_0900_ai_ci COMMENT = '用户表' ROW_FORMAT = DYNAMIC;

-- ----------------------------
-- Records of users
-- ----------------------------
INSERT INTO `users` VALUES (1, '李翔', '3115089759@qq.com', 'Huawei@123', '76fa7398-f895-4e58-a141-cb093ce193aa', '3122230220');
INSERT INTO `users` VALUES (2, '程文炜', '3122060116@gnust.edu.cn', 'Zjhw@12345', 'c3c1ff43-d9ab-4eeb-b1a1-671fecec2ea2', '3122060116');
INSERT INTO `users` VALUES (3, '兰伟', '3122060137@gnust.edu.cn', 'Zjhw@12345', 'null', '3122060137');
INSERT INTO `users` VALUES (4, '谢佛生', '3122060222@gnust.edu.cn', 'Zjhw@12345', 'null', '3122060222');
INSERT INTO `users` VALUES (5, '严慧慧', '3122060229@gnust.edu.cn', 'Zjhw@12345', 'null', '3122060229');
INSERT INTO `users` VALUES (6, '黄佳超', '3122060236@gnust.edu.cn', 'Zjhw@12345', 'null', '3122060236');
INSERT INTO `users` VALUES (7, '张诗炜', '3122060238@gnust.edu.cn', 'Zjhw@12345', 'null', '3122060238');
INSERT INTO `users` VALUES (8, '胡加聪', '3122160110@gnust.edu.cn', 'Zjhw@12345', '210efeec-364a-4d32-888b-e5847f0d5d43', '3122160110');
INSERT INTO `users` VALUES (9, '彭乐华', '3122160120@gnust.edu.cn', 'Zjhw@12345', 'null', '3122160120');
INSERT INTO `users` VALUES (10, '黄彬彬', '3122160135@gnust.edu.cn', 'Zjhw@12345', '2a123ed6-d38a-463e-9c6b-9914431fd86d', '3122160135');
INSERT INTO `users` VALUES (11, '余佳伟', '3122160204@gnust.edu.cn', 'Zjhw@12345', 'null', '3122160204');
INSERT INTO `users` VALUES (12, '余晨华', '3122160208@gnust.edu.cn', 'Zjhw@12345', '1977d026-f311-4d18-9d8d-c8d7c6295dd8', '3122160208');
INSERT INTO `users` VALUES (13, '艾斯琦', '3122160216@gnust.edu.cn', 'Zjhw@12345', '0e183bb2-fa96-4369-8ae2-d635f6049806', '3122160216');
INSERT INTO `users` VALUES (14, '徐志刚', '3122160229@gnust.edu.cn', 'Zjhw@12345', 'dacf42a9-ae19-415c-a9cc-89a506c71d0c', '3122160229');
INSERT INTO `users` VALUES (15, '胡耀辉', '3122160231@gnust.edu.cn', 'Zjhw@12345', '537eb199-9225-444b-8253-61332d9eadaf', '3122160231');
INSERT INTO `users` VALUES (16, '刘佳伟', '3122160235@gnust.edu.cn', 'Zjhw@12345', 'null', '3122160235');
INSERT INTO `users` VALUES (17, '丁玉梅', '3122160325@gnust.edu.cn', 'Zjhw@12345', 'null', '3122160325');
INSERT INTO `users` VALUES (18, '陈慧萍', '3122160337@gnust.edu.cn', 'Zjhw@12345', 'null', '3122160337');
INSERT INTO `users` VALUES (19, '李咨珩', '3122230122@gnust.edu.cn', 'Zjhw@12345', 'null', '3122230122');
INSERT INTO `users` VALUES (20, '李圣杰', '3122230127@gnust.edu.cn', 'Zjhw@12345', 'null', '3122230127');
INSERT INTO `users` VALUES (21, '徐宇', '3122230142@gnust.edu.cn', 'Zjhw@12345', 'null', '3122230142');
INSERT INTO `users` VALUES (22, '周衍嘉', '3122230224@gnust.edu.cn', 'Zjhw@12345', 'null', '3122230224');
INSERT INTO `users` VALUES (23, '易贤华', '3122230229@gnust.edu.cn', 'Zjhw@12345', 'null', '3122230229');
INSERT INTO `users` VALUES (24, '侯城', '3122230236@gnust.edu.cn', 'Zjhw@12345', 'null', '3122230236');
INSERT INTO `users` VALUES (25, '晏浩祥', '3122250112@gnust.edu.cn', 'Zjhw@12345', 'null', '3122250112');
INSERT INTO `users` VALUES (26, '陈家兴', '3122250119@gnust.edu.cn', 'Zjhw@12345', 'null', '3122250119');
INSERT INTO `users` VALUES (27, '丁宇强', '3122250212@gnust.edu.cn', 'Zjhw@12345', 'null', '3122250212');
INSERT INTO `users` VALUES (28, '周志豪', '3122250214@gnust.edu.cn', 'Zjhw@12345', 'null', '3122250214');
INSERT INTO `users` VALUES (29, '濮骏辉', '3122250217@gnust.edu.cn', 'Zjhw@12345', 'null', '3122250217');
INSERT INTO `users` VALUES (30, '丁雯婕', '3122250222@gnust.edu.cn', 'Zjhw@12345', '6fc8609f-8763-47a2-9ed9-863e9eb6113f', '3122250222');
INSERT INTO `users` VALUES (31, '谢宇杰', '3122250230@gnust.edu.cn', 'Zjhw@12345', 'null', '3122250230');
INSERT INTO `users` VALUES (32, '周伟', '3122260421@gnust.edu.cn', 'Zjhw@12345', 'null', '3122260421');
INSERT INTO `users` VALUES (33, '蔡恒', '3122270115@gnust.edu.cn', 'Zjhw@12345', 'null', '3122270115');
INSERT INTO `users` VALUES (34, '郭芯', '3122270140@gnust.edu.cn', 'Zjhw@12345', 'null', '3122270140');
INSERT INTO `users` VALUES (35, '王彬', '3122270207@gnust.edu.cn', 'Zjhw@12345', 'null', '3122270207');
INSERT INTO `users` VALUES (36, '刘桂旺', '3122270221@gnust.edu.cn', 'Zjhw@12345', 'null', '3122270221');
INSERT INTO `users` VALUES (37, '谢羿政', '3122270224@gnust.edu.cn', 'Zjhw@12345', 'null', '3122270224');
INSERT INTO `users` VALUES (38, '曾鸿', '3122270225@gnust.edu.cn', 'Zjhw@12345', 'null', '3122270225');
INSERT INTO `users` VALUES (39, '吕纪畅', '3122270227@gnust.edu.cn', 'Zjhw@12345', 'null', '3122270227');
INSERT INTO `users` VALUES (40, '闻茹慧', '3122270234@gnust.edu.cn', 'Zjhw@12345', 'null', '3122270234');
INSERT INTO `users` VALUES (41, '江锦红', '3622040127@gnust.edu.cn', 'Zjhw@12345', 'null', '3622040127');
INSERT INTO `users` VALUES (42, '周辉其', '3622310102@gnust.edu.cn', 'Zjhw@12345', 'null', '3622310102');
INSERT INTO `users` VALUES (43, '连宝', '3722260127@gnust.edu.cn', 'Zjhw@12345', 'null', '3722260127');
INSERT INTO `users` VALUES (44, '谢小云', 'xiexiaoyun@gnust.edu.cn', '9320070281', '5a3f7138-01bb-4038-8c06-595527012700', '9320070281');
INSERT INTO `users` VALUES (45, '谢明', 'xieming@gnust.edu.cn', '9320240132', '35b6ddd3-d924-4811-98b5-835aa0a7c53e', '9320240132');
INSERT INTO `users` VALUES (46, '刘成星', 'liuchengxing@gnust.edu.cn', '9320240133', '2a147652-8e0e-4971-82ac-33a04e784482', '9320240133');
INSERT INTO `users` VALUES (47, 'lx', '2870969199@qq.com', 'A101010aa', 'bf372dd5-dbce-484a-b0ba-494392278ab6', NULL);

-- ----------------------------
-- Table structure for verification_codes
-- ----------------------------
DROP TABLE IF EXISTS `verification_codes`;
CREATE TABLE `verification_codes`  (
                                       `code_id` bigint NOT NULL AUTO_INCREMENT COMMENT '主键，验证码id',
                                       `code_number` varchar(255) CHARACTER SET utf8mb4 COLLATE utf8mb4_0900_ai_ci NOT NULL COMMENT '验证码内容',
                                       `code_email` varchar(255) CHARACTER SET utf8mb4 COLLATE utf8mb4_0900_ai_ci NOT NULL COMMENT '邮箱',
                                       `expiry_date` datetime(6) NOT NULL COMMENT '过期时间',
                                       `code_purpose` varchar(255) CHARACTER SET utf8mb4 COLLATE utf8mb4_0900_ai_ci NOT NULL COMMENT '验证码用途',
                                       PRIMARY KEY (`code_id`) USING BTREE
) ENGINE = InnoDB AUTO_INCREMENT = 7 CHARACTER SET = utf8mb4 COLLATE = utf8mb4_0900_ai_ci COMMENT = '验证码表' ROW_FORMAT = DYNAMIC;

-- ----------------------------
-- Records of verification_codes
-- ----------------------------
INSERT INTO `verification_codes` VALUES (1, '692183', '3115089759@qq.com', '2025-05-20 20:24:58.044041', 'REGISTER');
INSERT INTO `verification_codes` VALUES (2, '686720', '2870969199@qq.com', '2025-05-30 10:30:06.817031', 'REGISTER');
INSERT INTO `verification_codes` VALUES (3, '980701', '2870969199@qq.com', '2025-05-30 10:42:13.029796', 'RESET_PASSWORD');
INSERT INTO `verification_codes` VALUES (4, '762275', '3115089759@qq.com', '2025-05-30 10:43:30.675572', 'RESET_PASSWORD');
INSERT INTO `verification_codes` VALUES (5, '969857', '3122160231@gnust.edu.cn', '2025-06-05 21:42:59.038277', 'LOGIN');
INSERT INTO `verification_codes` VALUES (6, '377737', '3122160229@gnust.edu.cn', '2025-06-05 21:53:42.159675', 'LOGIN');

SET FOREIGN_KEY_CHECKS = 1;
